-- Adminer 4.7.1 PostgreSQL dump

\connect "default";

DROP TABLE IF EXISTS "order_items";
CREATE TABLE "public"."order_items" (
                                        "orderid" character varying(36) NOT NULL,
                                        "productid" character varying(36) NOT NULL,
                                        "name" character varying(50) NOT NULL,
                                        "uom" character varying(3) NOT NULL,
                                        "requested" integer NOT NULL,
                                        "received" integer NOT NULL,
                                        "remaining" integer NOT NULL,
                                        "status" integer NOT NULL,
                                        "ponumber" character varying(20) NOT NULL,
                                        "dateadded" integer NOT NULL,
                                        CONSTRAINT "order_items_orderid_productid_unique" UNIQUE ("orderid", "productid"),
                                        CONSTRAINT "order_items_orders_orderid_fk" FOREIGN KEY (orderid) REFERENCES orders(orderid) NOT DEFERRABLE
) WITH (oids = false);

CREATE INDEX "order_items_orderid_index" ON "public"."order_items" USING btree ("orderid");

INSERT INTO "order_items" ("orderid", "productid", "name", "uom", "requested", "received", "remaining", "status", "ponumber", "dateadded") VALUES
('7e55aa12-2e6a-4f21-b01a-09503c755180',	'17a2479b-2ab5-4caa-a392-bb5247b73c16',	'EMT 4"',	'ft',	'0',	'0',	'0',	'0',	'N/A',	1553737839),
('ab23f700-e922-4cc5-bdb9-7cf8b699d4d5',	'43792b07-bbfd-4058-a8b5-d07c655a3b3a',	'LV OCC Switch',	'ea',	'0',	'0',	'0',	'0',	'N/A',	1553744776),
('3aedd656-0978-4204-b377-635ec971d691',	'0180a045-f829-4f48-a949-57742c9d617b',	'FLEX 2-1/2"',	'ft',	200,	'0',	'0',	'0',	'N/A',	1553739607),
('3aedd656-0978-4204-b377-635ec971d691',	'4976bc7d-e0b1-49cf-aa86-24337df86476',	'1/2" Nut',	'ea',	100,	'0',	'0',	'0',	'N/A',	1553739589),
('ab23f700-e922-4cc5-bdb9-7cf8b699d4d5',	'056b4f57-7a4d-4f0b-86c7-6249459b20f4',	'DB2 3" Sweep',	'ea',	'0',	'0',	'0',	'0',	'N/A',	1553744719),
('ab23f700-e922-4cc5-bdb9-7cf8b699d4d5',	'37e2d700-99d4-406f-8e5d-e2bb57a59088',	'AA Battery',	'ea',	'0',	'0',	'0',	'0',	'N/A',	1553744717),
('ab23f700-e922-4cc5-bdb9-7cf8b699d4d5',	'bcc37e31-8f19-4fcd-a624-2a46eef89d81',	'4" PVC TA + Locknuts',	'ea',	'0',	'0',	'0',	'0',	'N/A',	1553744562),
('ab23f700-e922-4cc5-bdb9-7cf8b699d4d5',	'80c59dfa-1208-41b3-88a3-29bc23fceb95',	'EMT 2-1/2"',	'ft',	'0',	'0',	'0',	'0',	'N/A',	1553744557),
('ab23f700-e922-4cc5-bdb9-7cf8b699d4d5',	'aeb6cb7e-896d-4193-a4a1-54a4d9bc68bd',	'Deep Octagon box',	'ea',	'0',	'0',	'0',	'0',	'N/A',	1553744553),
('ab23f700-e922-4cc5-bdb9-7cf8b699d4d5',	'fc513eb7-861d-4be9-b6b4-4ac5e03cffbe',	'14/3 SOOW',	'ft',	'0',	'0',	'0',	'0',	'N/A',	1553744548),
('ab23f700-e922-4cc5-bdb9-7cf8b699d4d5',	'523f11e4-6d7c-4911-977a-e58f33717390',	'AA Batteries',	'ea',	'0',	'0',	'0',	'0',	'N/A',	1553744543),
('ab23f700-e922-4cc5-bdb9-7cf8b699d4d5',	'17a2479b-2ab5-4caa-a392-bb5247b73c16',	'EMT 4"',	'ft',	'0',	'0',	'0',	'0',	'N/A',	1553744539),
('3aedd656-0978-4204-b377-635ec971d691',	'8516a0cb-993f-4e23-9aab-0bc321a15d67',	'LV OCC Wall switch',	'ea',	1,	'0',	'0',	'0',	'N/A',	1553737905),
('3aedd656-0978-4204-b377-635ec971d691',	'95ff6cdb-b3ca-4dbd-bcee-9e9a05bdbe87',	'Wet hand wipes',	'ea',	1,	'0',	'0',	'0',	'N/A',	1553737893),
('3aedd656-0978-4204-b377-635ec971d691',	'd144b1de-8c9d-43ad-a126-3af4789a133b',	'Twine',	'ft',	5000,	'0',	'0',	'0',	'N/A',	1553737888),
('3aedd656-0978-4204-b377-635ec971d691',	'9f3e6688-e31d-47d9-b4b7-b5bfaf31a136',	'Torq SS721Z in-wall timer',	'ea',	2,	'0',	'0',	'0',	'N/A',	1553737882),
('3aedd656-0978-4204-b377-635ec971d691',	'48e450a8-aa10-4f0b-ac56-07c09d349ff2',	'1/2" SDS bit',	'ea',	'0',	'0',	'0',	'0',	'N/A',	1553916690),
('7e55aa12-2e6a-4f21-b01a-09503c755180',	'b61397ff-d788-47d4-ba0e-a461590a0db8',	'3/4" KT90',	'ea',	'0',	'0',	'0',	'0',	'N/A',	1553737705),
('7e55aa12-2e6a-4f21-b01a-09503c755180',	'49d64281-7c3f-4a11-8802-5a05b97df96f',	'12/3 BX',	'ft',	'0',	'0',	'0',	'0',	'N/A',	1553737699),
('ab23f700-e922-4cc5-bdb9-7cf8b699d4d5',	'9a3d63e9-a1bc-46cc-9581-1c73a3c0981b',	'1" EMT connector w/ Insulated throat',	'ea',	'0',	'0',	'0',	'0',	'N/A',	1553744143),
('ab23f700-e922-4cc5-bdb9-7cf8b699d4d5',	'03f99233-6095-4c5b-a032-006c87e0fcca',	'Strongtie RSV37112 - Rod/Steel',	'ea',	'0',	'0',	'0',	'0',	'N/A',	1553739667),
('ab23f700-e922-4cc5-bdb9-7cf8b699d4d5',	'7330109c-bb47-45b4-bee0-ffa7614195af',	'1" KT90',	'ea',	'0',	'0',	'0',	'0',	'N/A',	1553739628),
('ab23f700-e922-4cc5-bdb9-7cf8b699d4d5',	'471c8974-928b-4b61-abcf-d4a3aff31491',	'3/4" EMT connector w/ Insulated throat',	'ea',	699,	'0',	'0',	'0',	'N/A',	1553737932),
('ab23f700-e922-4cc5-bdb9-7cf8b699d4d5',	'585a0df1-e37c-4094-9f55-81f61b0d5178',	'3/8" Threaded rod',	'ft',	69,	'0',	'0',	'0',	'N/A',	1553737925),
('7e55aa12-2e6a-4f21-b01a-09503c755180',	'10d39950-9e46-4aee-bebc-df510698c01f',	'Sunscreen',	'ea',	'0',	'0',	'0',	'0',	'N/A',	1553917370),
('ab23f700-e922-4cc5-bdb9-7cf8b699d4d5',	'b76dffbc-5f8e-4b52-b9eb-a198bfd92ac7',	'4" Chase nipple + 1 Locknut',	'ea',	69,	'0',	'0',	'0',	'N/A',	1553737921),
('ab23f700-e922-4cc5-bdb9-7cf8b699d4d5',	'7ae67fe7-1bbe-4142-963a-c4c49af22f98',	'1/2" EMT connector w/ Insulated throat',	'ea',	169,	'0',	'0',	'0',	'N/A',	1553737256),
('ab23f700-e922-4cc5-bdb9-7cf8b699d4d5',	'a798b777-03c7-44a5-babe-806c921de07e',	'1/2" P Clamp',	'ea',	2500,	'0',	'0',	'0',	'N/A',	1553736882),
('7e55aa12-2e6a-4f21-b01a-09503c755180',	'2e19613f-ea93-4cd8-b574-ffefe51cc15a',	'EMT 2"',	'ft',	'0',	'0',	'0',	'0',	'N/A',	1553737843),
('ab23f700-e922-4cc5-bdb9-7cf8b699d4d5',	'751dc94a-9ac5-4f06-b8f9-711a096ffd9b',	'1/2 Wedge anchor 5-1/2"',	'ea',	3000,	'0',	'0',	'0',	'N/A',	1553736878),
('ab23f700-e922-4cc5-bdb9-7cf8b699d4d5',	'506ed5b6-2242-4cd6-a984-96d316b9f6db',	'1/2" LB',	'ea',	2000,	'0',	'0',	'0',	'N/A',	1553736793),
('ab23f700-e922-4cc5-bdb9-7cf8b699d4d5',	'69d3fe1d-c365-4e3c-8036-01eea67562b6',	'Headlight',	'ea',	90,	'0',	'0',	'0',	'N/A',	1553736061),
('ab23f700-e922-4cc5-bdb9-7cf8b699d4d5',	'b5c52d9a-8cd4-48de-bedc-8ea91fdf0da0',	'Carpenter pencil',	'ea',	30,	'0',	'0',	'0',	'N/A',	1553736032),
('ab23f700-e922-4cc5-bdb9-7cf8b699d4d5',	'2e19613f-ea93-4cd8-b574-ffefe51cc15a',	'EMT 2"',	'ft',	'0',	'0',	'0',	'0',	'N/A',	1553916426),
('ab23f700-e922-4cc5-bdb9-7cf8b699d4d5',	'e1012371-09c3-4b37-a5e0-e06afea1425c',	'3/4" LB',	'ea',	'0',	'0',	'0',	'0',	'N/A',	1553916393),
('ab23f700-e922-4cc5-bdb9-7cf8b699d4d5',	'58e3d4f6-7e39-4067-b848-b001aeb4619b',	'#8 Copper',	'ft',	'0',	'0',	'0',	'0',	'N/A',	1553745017),
('ab23f700-e922-4cc5-bdb9-7cf8b699d4d5',	'83ae7276-0945-469a-a9cc-59e25da1b06c',	'T&B SSF-CM535',	'ea',	'0',	'0',	'0',	'0',	'N/A',	1553745015),
('ab23f700-e922-4cc5-bdb9-7cf8b699d4d5',	'7f06b820-5da6-415a-a8e4-f6ab62676223',	'1/8" Rope',	'ft',	'0',	'0',	'0',	'0',	'N/A',	1553745012),
('ab23f700-e922-4cc5-bdb9-7cf8b699d4d5',	'7addc32d-97c7-442c-9154-476fc510b2e6',	'Roll tie wire',	'ea',	'0',	'0',	'0',	'0',	'N/A',	1553745009),
('ab23f700-e922-4cc5-bdb9-7cf8b699d4d5',	'bac52703-b5ed-42da-bef9-07a730471af4',	'10/4 BX',	'ft',	'0',	'0',	'0',	'0',	'N/A',	1553745004),
('ab23f700-e922-4cc5-bdb9-7cf8b699d4d5',	'd144b1de-8c9d-43ad-a126-3af4789a133b',	'Twine',	'ft',	'0',	'0',	'0',	'0',	'N/A',	1553744870),
('ab23f700-e922-4cc5-bdb9-7cf8b699d4d5',	'6a8066a7-9e28-411a-a77f-67348a863e24',	'1-1/4" PVC TA + Locknuts',	'ea',	'0',	'0',	'0',	'0',	'N/A',	1553744840),
('7e55aa12-2e6a-4f21-b01a-09503c755180',	'4976bc7d-e0b1-49cf-aa86-24337df86476',	'1/2" Nut',	'ea',	'0',	'0',	'0',	'0',	'N/A',	1553980059),
('7e55aa12-2e6a-4f21-b01a-09503c755180',	'a74d73fa-f4b7-45bd-bc9a-23f4661f5049',	'15a bolt on breaker',	'ea',	'0',	'0',	'0',	'0',	'N/A',	1553740428),
('7e55aa12-2e6a-4f21-b01a-09503c755180',	'650c2cf0-1fba-4c5d-ac82-61723fff2fbf',	'#8 x 2-1/2" screw',	'ea',	'0',	'0',	'0',	'0',	'N/A',	1553740368),
('ab23f700-e922-4cc5-bdb9-7cf8b699d4d5',	'db4f3478-e412-4558-bd89-f60e507f1d84',	'EMT 1/2"',	'ft',	'0',	'0',	'0',	'0',	'N/A',	1553744837),
('ab23f700-e922-4cc5-bdb9-7cf8b699d4d5',	'66c5f29f-d084-4b39-8e3c-e7c7855673f1',	'Milwaukee 49-56-9285',	'ea',	'0',	'0',	'0',	'0',	'N/A',	1553744833),
('ab23f700-e922-4cc5-bdb9-7cf8b699d4d5',	'0b5e345d-6524-4eb2-a420-87a108f4faad',	'8 port wago',	'ea',	'0',	'0',	'0',	'0',	'N/A',	1553744830),
('7e55aa12-2e6a-4f21-b01a-09503c755180',	'88ce3176-12d0-4628-bfb4-cbb11b73b5d3',	'1/2" EMT coupling',	'ea',	'0',	'0',	'0',	'0',	'N/A',	1553740291),
('7e55aa12-2e6a-4f21-b01a-09503c755180',	'506ed5b6-2242-4cd6-a984-96d316b9f6db',	'1/2" LB',	'ea',	'0',	'0',	'0',	'0',	'N/A',	1553980062),
('ab23f700-e922-4cc5-bdb9-7cf8b699d4d5',	'06447fc6-ca7c-4366-ba78-d48d514ac1d4',	'Masons string reel',	'ea',	'0',	'0',	'0',	'0',	'N/A',	1553744754),
('ab23f700-e922-4cc5-bdb9-7cf8b699d4d5',	'ede8495a-90cf-4369-bd2d-e252a8409ae5',	'2" PVC TA + Locknuts',	'ea',	'0',	'0',	'0',	'0',	'N/A',	1553744750),
('ab23f700-e922-4cc5-bdb9-7cf8b699d4d5',	'a08c8061-519c-479f-9b38-a971b4a9ffa2',	'Male cord end',	'ea',	'0',	'0',	'0',	'0',	'N/A',	1553744743),
('ab23f700-e922-4cc5-bdb9-7cf8b699d4d5',	'4406e1d7-0102-4670-b933-15ab60275d9a',	'AAA Batteries',	'ea',	'0',	'0',	'0',	'0',	'N/A',	1553744737),
('ab23f700-e922-4cc5-bdb9-7cf8b699d4d5',	'efdcea77-5af5-4072-a1ed-fd2168dcf921',	'12/4 BX',	'ft',	'0',	'0',	'0',	'0',	'N/A',	1553744730),
('ab23f700-e922-4cc5-bdb9-7cf8b699d4d5',	'15842504-8292-4dbe-8931-22e52232151e',	'Milwaukee Inkzall',	'ea',	'0',	'0',	'0',	'0',	'N/A',	1553744726),
('ab23f700-e922-4cc5-bdb9-7cf8b699d4d5',	'4c00de8f-0ada-4b1b-b043-1385a0815f16',	'6/2 BX',	'ft',	'0',	'0',	'0',	'0',	'N/A',	1553744723),
('ab23f700-e922-4cc5-bdb9-7cf8b699d4d5',	'fc9e4727-dd80-4224-a31a-cf92bd4c7793',	'4'' T8 3500K',	'ea',	'0',	'0',	'0',	'0',	'N/A',	1553738022),
('ab23f700-e922-4cc5-bdb9-7cf8b699d4d5',	'8cf51e78-8220-4308-823c-ed3ae39da600',	'FA Smoke',	'ea',	369,	'0',	'0',	'0',	'N/A',	1553738007),
('ab23f700-e922-4cc5-bdb9-7cf8b699d4d5',	'b3d3f045-470f-47b4-913d-6c10b805fdec',	'Thermostat for baseboard heater',	'ea',	699,	'0',	'0',	'0',	'N/A',	1553738004),
('ab23f700-e922-4cc5-bdb9-7cf8b699d4d5',	'fbf2670c-58ca-4aef-a196-75a8172328f4',	'Caddy CJ6',	'ea',	'0',	'0',	'0',	'0',	'N/A',	1553738000),
('ab23f700-e922-4cc5-bdb9-7cf8b699d4d5',	'eb3d1400-6baf-44e8-91c2-79da0e3b902b',	'Decora rocker switch with 0-10v dimming',	'ea',	969969,	'0',	'0',	'0',	'N/A',	1553737265),
('ab23f700-e922-4cc5-bdb9-7cf8b699d4d5',	'17a32c5a-1093-452c-8726-65ab88036f8d',	'Twin connectors',	'ea',	25,	'0',	'0',	'0',	'N/A',	1553736020),
('7e55aa12-2e6a-4f21-b01a-09503c755180',	'a68007bd-c429-487f-91f3-3aeb67fde317',	'FLEX 4"',	'ft',	'0',	'0',	'0',	'0',	'N/A',	1553744020),
('ab23f700-e922-4cc5-bdb9-7cf8b699d4d5',	'33e8dcc0-8e61-4e0a-8c28-d0e8feecff63',	'3G Deep masonry box',	'ea',	'0',	'0',	'0',	'0',	'N/A',	1553916496),
('ab23f700-e922-4cc5-bdb9-7cf8b699d4d5',	'f4d1bf3e-3cf9-4404-8a2a-6a480088db91',	'500'' Florescent Green masons line',	'ea',	56,	'0',	'0',	'0',	'N/A',	1553916493),
('ab23f700-e922-4cc5-bdb9-7cf8b699d4d5',	'd99c9554-3bab-4b3e-a42b-f5ca21b5b37f',	'Green fluorescent marking paint',	'ea',	108,	'0',	'0',	'0',	'N/A',	1553916487),
('ab23f700-e922-4cc5-bdb9-7cf8b699d4d5',	'4bac5f0c-3892-42b8-9b1e-29d8f68ba230',	'Blue wire connectors',	'ea',	32,	'0',	'0',	'0',	'N/A',	1553916470),
('ab23f700-e922-4cc5-bdb9-7cf8b699d4d5',	'a5e61fac-f3d9-4f90-984e-c32218d56b1a',	'FA Strobe',	'ea',	'0',	'0',	'0',	'0',	'N/A',	1553916464),
('ab23f700-e922-4cc5-bdb9-7cf8b699d4d5',	'7be64998-2636-4ceb-8366-e4fc3a89fb1f',	'FA Duct smoke',	'ea',	'0',	'0',	'0',	'0',	'N/A',	1553916462),
('ab23f700-e922-4cc5-bdb9-7cf8b699d4d5',	'caac6272-31e5-4379-bbcb-312f418f600d',	'FA Isolator',	'ea',	3456,	'0',	'0',	'0',	'N/A',	1553916460),
('ab23f700-e922-4cc5-bdb9-7cf8b699d4d5',	'68b3a426-5ffa-4100-89cd-b7f55455b796',	'1/2" Flat washer',	'ea',	'0',	'0',	'0',	'0',	'N/A',	1553916457),
('ab23f700-e922-4cc5-bdb9-7cf8b699d4d5',	'c78e5deb-e34a-4708-81d3-2478bada3fdf',	'3/8" Flat washer',	'ea',	'0',	'0',	'0',	'0',	'N/A',	1553916454),
('ab23f700-e922-4cc5-bdb9-7cf8b699d4d5',	'837566fa-c2c7-4f20-abe0-5ff48752fcaa',	'1/2" Fender washer',	'ea',	'0',	'0',	'0',	'0',	'N/A',	1553916450),
('ab23f700-e922-4cc5-bdb9-7cf8b699d4d5',	'd68d9542-7979-4ddd-9acf-c006cd59e76a',	'1/4" Fender washer',	'ea',	'0',	'0',	'0',	'0',	'N/A',	1553916447),
('ab23f700-e922-4cc5-bdb9-7cf8b699d4d5',	'e11760db-2730-4b17-a65c-c829e6fe0f79',	'3/8" Fender washer',	'ea',	'0',	'0',	'0',	'0',	'N/A',	1553916444),
('ab23f700-e922-4cc5-bdb9-7cf8b699d4d5',	'75e0d66d-5dc2-4676-ba9e-478130d4f5f2',	'1/4" Nut',	'ea',	'0',	'0',	'0',	'0',	'N/A',	1553916434),
('ab23f700-e922-4cc5-bdb9-7cf8b699d4d5',	'838b7a96-0cbc-4485-b5f6-f5afc8546c96',	'#0 Antishort',	'ea',	'0',	'0',	'0',	'0',	'N/A',	1553744906),
('ab23f700-e922-4cc5-bdb9-7cf8b699d4d5',	'5a5a5f8f-28c1-461c-9ce7-ad2d05569698',	'100 Pack laminator sheets',	'ea',	'0',	'0',	'0',	'0',	'N/A',	1553744901),
('7e55aa12-2e6a-4f21-b01a-09503c755180',	'141df9af-cef5-46e1-97eb-395f69740f60',	'5-50R + Coverplate',	'ea',	'0',	'0',	'0',	'0',	'N/A',	1553817423),
('7e55aa12-2e6a-4f21-b01a-09503c755180',	'3eb8fa00-6e4e-4810-8df8-1a4ce4f0dab5',	'Octagon wrap box',	'ea',	'0',	'0',	'0',	'0',	'N/A',	1553817419),
('7e55aa12-2e6a-4f21-b01a-09503c755180',	'43792b07-bbfd-4058-a8b5-d07c655a3b3a',	'LV OCC Switch',	'ea',	'0',	'0',	'0',	'0',	'N/A',	1553817415),
('ab23f700-e922-4cc5-bdb9-7cf8b699d4d5',	'ee0be742-0122-4b03-a0d9-65abd0e691e8',	'1-1/2" PVC 45',	'ea',	'0',	'0',	'0',	'0',	'N/A',	1553744895),
('ab23f700-e922-4cc5-bdb9-7cf8b699d4d5',	'eb8c62cd-9bd0-4a1f-b60e-e5e5f310237b',	'18 tpi hacksaw blade',	'ea',	'0',	'0',	'0',	'0',	'N/A',	1553744886),
('ab23f700-e922-4cc5-bdb9-7cf8b699d4d5',	'08af36fb-5fde-4731-983d-ddd3f2db71a4',	'2" 6/32 Screw',	'ea',	'0',	'0',	'0',	'0',	'N/A',	1553744076),
('7e55aa12-2e6a-4f21-b01a-09503c755180',	'c686942a-0adb-4757-a7ab-08208d46694f',	'FA EOL',	'ea',	'0',	'0',	'0',	'0',	'N/A',	1553817412),
('ab23f700-e922-4cc5-bdb9-7cf8b699d4d5',	'9f3e6688-e31d-47d9-b4b7-b5bfaf31a136',	'Torq SS721Z in-wall timer',	'ea',	'0',	'0',	'0',	'0',	'N/A',	1553744066),
('7e55aa12-2e6a-4f21-b01a-09503c755180',	'0180a045-f829-4f48-a949-57742c9d617b',	'FLEX 2-1/2"',	'ft',	'0',	'0',	'0',	'0',	'N/A',	1553817408),
('ab23f700-e922-4cc5-bdb9-7cf8b699d4d5',	'1bda9559-1518-431d-bbc5-75c14d3169b9',	'Screw on plastic zip tie mounts',	'ea',	'0',	'0',	'0',	'0',	'N/A',	1553744060),
('7e55aa12-2e6a-4f21-b01a-09503c755180',	'540a60fd-b74b-46c9-b64b-6f011b146855',	'EMT 3/4"',	'ft',	'0',	'0',	'0',	'0',	'N/A',	1553817397),
('ab23f700-e922-4cc5-bdb9-7cf8b699d4d5',	'aea15eeb-44ec-4bc7-92d5-c37b8adf2b33',	'4 Pole 347v Lighting contactor',	'ea',	69,	'0',	'0',	'0',	'N/A',	1553736011),
('ab23f700-e922-4cc5-bdb9-7cf8b699d4d5',	'4976bc7d-e0b1-49cf-aa86-24337df86476',	'1/2" Nut',	'ea',	669,	'0',	'0',	'0',	'N/A',	1553735974);

DROP TABLE IF EXISTS "orders";
CREATE TABLE "public"."orders" (
                                   "orderid" character varying(36) NOT NULL,
                                   "projectid" character varying(36) NOT NULL,
                                   "sentdate" integer NOT NULL,
                                   "status" integer NOT NULL,
                                   "project_name" character varying(80) NOT NULL,
                                   "foreman_email" character varying(80) NOT NULL,
                                   "comments" character varying(3000) NOT NULL,
                                   CONSTRAINT "orders_pk" PRIMARY KEY ("orderid")
) WITH (oids = false);

INSERT INTO "orders" ("orderid", "projectid", "sentdate", "status", "project_name", "foreman_email", "comments") VALUES
('a198f009-173b-4ac3-9d41-df7001090bde',	'3a63592f-22bf-4d8e-af66-c31e77c0f624',	1552186577,	'0',	'Project Name 3',	'email@email.com',	''),
('3f9615cf-edc3-4528-8f47-052f093bbb14',	'9f84f49a-5428-40c0-8798-7f7d2d6ab1a6',	1552186588,	'0',	'Old Project',	'mattwright3195@gmail.com',	''),
('88d98a36-3257-4bad-9cfd-ba3ea23b971e',	'072da62a-1c83-4670-b5b9-e8677653c2c2',	1552256702,	'0',	'St. Thomas',	'mattwright3195@gmail.com',	''),
('7e55aa12-2e6a-4f21-b01a-09503c755180',	'cf510766-faf7-415e-a067-0c5ae5cb2ae8',	1552186511,	'0',	'Argyle',	'mattwright3195@gmail.com',	''),
('ab23f700-e922-4cc5-bdb9-7cf8b699d4d5',	'cf510766-faf7-415e-a067-0c5ae5cb2ae8',	1552186855,	'0',	'Argyle',	'mattwright3195@gmail.com',	''),
('3aedd656-0978-4204-b377-635ec971d691',	'cf510766-faf7-415e-a067-0c5ae5cb2ae8',	1552186573,	'0',	'Argyle',	'mattwright3195@gmail.com',	'');

DROP TABLE IF EXISTS "products";
CREATE TABLE "public"."products" (
                                     "productid" character varying(36) NOT NULL,
                                     "category" character varying(30) NOT NULL,
                                     "name" character varying(50) NOT NULL,
                                     "uom" character varying(3) NOT NULL,
                                     CONSTRAINT "products_pkey" PRIMARY KEY ("productid")
) WITH (oids = false);

INSERT INTO "products" ("productid", "category", "name", "uom") VALUES
('87f62ef4-133e-45dd-adfe-4eb9d508827b',	'Boxes & Mudrings',	'1 Gang deep masonry box',	'ea'),
('62767556-3679-4ec3-b312-e3331a538c51',	'Boxes & Mudrings',	'1" -> 3/4" Reducing washers',	'ea'),
('82d0a0e8-9bf6-48e3-98ff-919424a2b918',	'Boxes & Mudrings',	'1/2" T&B 1451 plastic KO filler',	'ea'),
('40f7756d-54c4-45ce-95dc-b5095240a2da',	'Boxes & Mudrings',	'10x10x6 Box',	'ea'),
('d322f759-4d90-4e0d-9717-dd589e737d37',	'Boxes & Mudrings',	'1-1/2" 1g Square tile ring',	'ea'),
('88c50c49-3fa2-479d-9d3d-f8a7d3f68e07',	'Boxes & Mudrings',	'1100 Box',	'ea'),
('44e532ce-1591-4aa8-bb1f-e9d3372d9d05',	'Boxes & Mudrings',	'1110 Box',	'ea'),
('26d4b823-8674-4350-bc16-80753cfd8012',	'Boxes & Mudrings',	'12x12x4 Box',	'ea'),
('9d21dd61-7950-4def-a02a-19706eabc1db',	'Boxes & Mudrings',	'12x12x6 Box',	'ea'),
('7b86b771-ed5a-4126-8fde-6e3a5ec82778',	'Boxes & Mudrings',	'14x14x6 Box',	'ea'),
('fe51708f-bfbc-43e4-9573-1792bbda9702',	'Boxes & Mudrings',	'3/16" Flat washer',	'ea'),
('9f68189e-c02e-4de5-be6b-4dbe648cbd44',	'Boxes & Mudrings',	'3/4" -> 1/2" Reducing washers',	'ea'),
('24040a90-3898-4f0f-813b-972d32c5970e',	'Boxes & Mudrings',	'3/4" T&B 1452 plastic KO filler',	'ea'),
('23b8fab1-d260-4456-b0ee-8a9b0ca8a906',	'Boxes & Mudrings',	'347v wrap box',	'ea'),
('33e8dcc0-8e61-4e0a-8c28-d0e8feecff63',	'Boxes & Mudrings',	'3G Deep masonry box',	'ea'),
('41e781e9-0f91-439a-8f5f-09f8225ebb3d',	'Boxes & Mudrings',	'4-11/16 Box extension',	'ea'),
('cf8c7e11-e6fd-4d12-8466-a2c75e9acd16',	'Boxes & Mudrings',	'4-11/16 Cover',	'ea'),
('acf0a7b2-b08e-4b55-9a3d-512028969bf1',	'Boxes & Mudrings',	'4-11/16 Deep box',	'ea'),
('be223b72-41b9-4d8e-b951-6f29704b57ec',	'Boxes & Mudrings',	'4-11/16 Deep box w/ 1" Kos',	'ea'),
('3485c7ca-b5ec-4869-bbfe-0c9ec203c4a6',	'Boxes & Mudrings',	'4-11/16 x 5/8" 1g Mud ring',	'ea'),
('9e1be4c9-c504-4169-91e1-b2a86be14072',	'Boxes & Mudrings',	'4-11/16 x 5/8" 2g Mud ring',	'ea'),
('60e425e7-71c6-46a5-8c6b-71876a0e15a5',	'Boxes & Mudrings',	'4G Deep masonry box',	'ea'),
('03114f68-e0a2-4a53-8bb7-93c1011d3ad1',	'Boxes & Mudrings',	'4x4 Cover',	'ea'),
('d658ccb8-df04-4db5-86bd-dbcfca365990',	'Boxes & Mudrings',	'4x4 Deep box',	'ea'),
('542346c2-17fe-4c3a-a392-0994623d4efc',	'Boxes & Mudrings',	'4x4 wrap box',	'ea'),
('5acb70c4-15cd-4053-8fa6-7b33d9e11eb1',	'Boxes & Mudrings',	'5/8" 1g Mud ring',	'ea'),
('7ee0f104-dd7b-4f6d-a0e2-435f93c56019',	'Boxes & Mudrings',	'5/8" 2g Mud ring',	'ea'),
('f0e10797-62ee-47b2-bd8c-ffd5ce2b0529',	'Boxes & Mudrings',	'8x8x4 Box',	'ea'),
('bf73df81-d31e-43b3-a613-9ebc815751da',	'Boxes & Mudrings',	'8x8x6 Box',	'ea'),
('ca465d40-7d35-4fdc-949e-e70978647c35',	'Boxes & Mudrings',	'Black plastic retro data ring',	'ea'),
('729b90e5-7287-4ffc-af2c-cea945057c2b',	'Boxes & Mudrings',	'Blank metal coverplate',	'ea'),
('d80b206b-0f11-4171-942b-7b6e31e8c1b1',	'Boxes & Mudrings',	'Corline slab box - 4x4',	'ea'),
('527d3d26-abba-4823-8be6-e11a22aa2014',	'Boxes & Mudrings',	'Corline slab box - Octagon',	'ea'),
('2dd0cf1b-e570-4c46-bf80-b41b7a7be73c',	'Boxes & Mudrings',	'Corline slab box - Single gang',	'ea'),
('aeb6cb7e-896d-4193-a4a1-54a4d9bc68bd',	'Boxes & Mudrings',	'Deep Octagon box',	'ea'),
('28a227ef-2b73-4fd5-b02b-a2e09c690778',	'Boxes & Mudrings',	'Easy box',	'ea'),
('53d46dbb-b19a-4120-9672-c842b9a46207',	'Boxes & Mudrings',	'F Clip box + clips',	'ea'),
('ec63c87c-ea72-49ea-9c27-d9b89b939fbc',	'Boxes & Mudrings',	'MP1S ring',	'ea'),
('dec78431-40cc-411b-86e4-7cfe9c3031fa',	'Boxes & Mudrings',	'MP2S ring',	'ea'),
('8589147d-4b10-4fae-b3c0-6d89bdc0fe6f',	'Boxes & Mudrings',	'Octagon Cover',	'ea'),
('3eb8fa00-6e4e-4810-8df8-1a4ce4f0dab5',	'Boxes & Mudrings',	'Octagon wrap box',	'ea'),
('16c1cf8b-38d3-49a4-9e31-4974f3d39078',	'Boxes & Mudrings',	'Raco 828 - 9G Mudring',	'ea'),
('8c0b6b35-f9c0-4dc3-9171-5cae7849bf99',	'Boxes & Mudrings',	'Raco BLOCK-LOC 695B',	'ea'),
('b49a6a51-df31-4c72-8f35-4d641cdaa4e5',	'Boxes & Mudrings',	'Raco BLOCK-LOC 696B',	'ea'),
('36fb9b2f-2e68-40ce-a3f5-0e901d15204d',	'Boxes & Mudrings',	'Raco BLOCK-LOC 786B',	'ea'),
('cf062098-c3da-4eab-b63e-eb7f0d83b2ad',	'Boxes & Mudrings',	'Raco BLOCK-LOC 796B',	'ea'),
('286da654-492c-4ca4-9689-481a426a1f73',	'Boxes & Mudrings',	'Steel stud protection plate',	'ea'),
('37d8e16a-8148-4177-8f5a-34b0115eb99e',	'Boxes & Mudrings',	'T&B BCBK-20',	'ea'),
('a74d73fa-f4b7-45bd-bc9a-23f4661f5049',	'Breakers',	'15a bolt on breaker',	'ea'),
('552709f3-fd3e-463a-99b4-22e1252f2cac',	'Breakers',	'2 pole 100a bolt on breaker',	'ea'),
('229e401c-f151-4be1-8f6b-fc6a4a40f08f',	'Breakers',	'2 pole 15a bolt on breaker',	'ea'),
('7a484205-4887-451c-a1c0-12c3cec69673',	'Breakers',	'2 pole 20a bolt on breaker',	'ea'),
('8f1a04ef-69e1-4e86-8d5b-7244ca1f8a01',	'Breakers',	'2 pole 30a bolt on breaker',	'ea'),
('569fe932-b113-45f9-8627-af6fe9a7395b',	'Breakers',	'2 pole 40a bolt on breaker',	'ea'),
('f63f8f66-9835-4104-b6dd-a7a1f24d50a6',	'Breakers',	'2 pole 50a bolt on breaker',	'ea'),
('df463003-6a69-4b1c-8545-cabf14cafafe',	'Breakers',	'2 pole 60a bolt on breaker',	'ea'),
('204b2f68-fa6a-4fef-9599-96d18fda6366',	'Breakers',	'20a bolt on breaker',	'ea'),
('cf622230-3c9c-4f3b-b33c-4ebc65942525',	'Breakers',	'3 pole 100a bolt on breaker',	'ea'),
('96777eca-1a59-46ad-9f04-0b932045f7c7',	'Breakers',	'3 pole 15a bolt on breaker',	'ea'),
('c41eb297-7a23-4d9c-b278-48ca9d08ed96',	'Breakers',	'3 pole 20a bolt on breaker',	'ea'),
('6a0462cc-6ead-4f15-988b-da7b212c4f94',	'Breakers',	'3 pole 30a bolt on breaker',	'ea'),
('0473b028-ebe2-4ed2-aa4c-f6b8276d659f',	'Breakers',	'3 pole 40a bolt on breaker',	'ea'),
('dd04d049-4c55-4924-85f4-131fa4e58e5f',	'Breakers',	'3 pole 50a bolt on breaker',	'ea'),
('5911a5ad-933b-4e51-851c-4daa32a0354d',	'Breakers',	'3 pole 60a bolt on breaker',	'ea'),
('eebfe705-7ad9-4c35-910f-91aa9d0cb525',	'Breakers',	'30a bolt on breaker',	'ea'),
('6f695c5b-9010-44c7-a9c3-9c03e421e83a',	'Breakers',	'40a bolt on breaker',	'ea'),
('37a07fd8-40a7-4557-a40e-952b0b96f8dc',	'Breakers',	'50a bolt on breaker',	'ea'),
('be72b075-c17a-4cf4-a33b-8afc46c0cdda',	'Breakers',	'60a bolt on breaker',	'ea'),
('39bc589e-d1e7-4f90-a67f-730b99750bc0',	'Breakers',	'Square D Panel fillers',	'ea'),
('ed712b51-3253-4fdf-be8e-956672684bbf',	'BX',	'10/2 BX',	'ft'),
('5331670c-c565-4738-8300-718cce83c8ae',	'BX',	'10/3 BX',	'ft'),
('bac52703-b5ed-42da-bef9-07a730471af4',	'BX',	'10/4 BX',	'ft'),
('722fb3fa-d9e8-458c-bd8b-51c34563062d',	'BX',	'12/2 BX',	'ft'),
('49d64281-7c3f-4a11-8802-5a05b97df96f',	'BX',	'12/3 BX',	'ft'),
('efdcea77-5af5-4072-a1ed-fd2168dcf921',	'BX',	'12/4 BX',	'ft'),
('22d3bf37-ad36-406b-9af1-50f618480606',	'BX',	'14/2 BX',	'ft'),
('70181bbf-a72d-45e7-9e82-ec982f218b21',	'BX',	'3 Conductor FA BX',	'ft'),
('bd58906a-3605-4405-90f9-a2db48136f85',	'BX',	'5 Conductor FA BX',	'ea'),
('4c00de8f-0ada-4b1b-b043-1385a0815f16',	'BX',	'6/2 BX',	'ft'),
('193c1ac1-80b9-4fc5-a809-8d0611383094',	'BX',	'6/3 BX',	'ft'),
('ee6f6019-9cff-4bbe-861e-5cc2c99162e9',	'BX',	'8/2 BX',	'ft'),
('53145035-041d-4cc3-a453-004eac368288',	'BX',	'8/3 BX',	'ft'),
('31bad987-6273-4ece-8262-abfd888bd027',	'Cable Fittings',	'1/2" EMT to BX transition connnectors',	'ea'),
('4efb3f2b-61f9-45b2-b691-b8f3ed430353',	'Cable Fittings',	'2 Screw 3/4" flex connector',	'ea'),
('ceb6a085-74e3-40da-9d6e-0c2f15a5c4be',	'Cable Fittings',	'3/8" 1 hole straps',	'ea'),
('b5974d2f-527b-4858-ad2a-b0051d9e5918',	'Cable Fittings',	'3/8" P-clamp',	'ea'),
('4e85d768-d32e-4162-b354-61b69e73c499',	'Cable Fittings',	'90 degree BX connectors',	'ea'),
('9bbf34ef-b66e-4cbc-9390-3ae9925fb2fa',	'Cable Fittings',	'Arlington 4010AST',	'ea'),
('dc0e301f-79b3-4e64-9c64-8432a56b9e38',	'Cable Fittings',	'Arlington 404010AST',	'ea'),
('98d17cd0-17b7-432b-87b3-0f481f0c257b',	'Cable Fittings',	'Arlington 7510AST',	'ea'),
('7723a173-bad7-4507-9ea5-a32356d2a7a1',	'Cable Fittings',	'Grey 4040',	'ea'),
('bbad8291-be7c-418c-8486-e85d9c3c9cee',	'Cable Fittings',	'L16 connector',	'ea'),
('83ae7276-0945-469a-a9cc-59e25da1b06c',	'Cable Fittings',	'T&B SSF-CM535',	'ea'),
('17a32c5a-1093-452c-8726-65ab88036f8d',	'Cable Fittings',	'Twin connectors',	'ea'),
('6470917e-1d2e-4450-946d-31b5daf895df',	'Caddy',	'Caddy 512',	'ea'),
('8cef6b03-6e22-4fd4-b264-2995404c9e11',	'Caddy',	'Caddy 512HD',	'ea'),
('fbf2670c-58ca-4aef-a196-75a8172328f4',	'Caddy',	'Caddy CJ6',	'ea'),
('19eb1906-69dc-4d55-a0b7-90902f9a7db9',	'Caddy',	'Caddy CS812D 3/4"',	'ea'),
('f171be90-e2ae-40e9-a7b8-b72520a04b2a',	'Caddy',	'Caddy MCA2',	'ea'),
('4cfad39f-684c-41fa-ac36-f0a0262b7516',	'Caddy',	'Caddy TSGB16',	'ea'),
('e2079ea5-4500-4e17-9a12-44e9598205a3',	'Caddy',	'CRLB37EG ROD LOCK Beam Clamp',	'ea'),
('a03ed7a3-116b-4668-a879-fe965d4b9995',	'Caddy',	'CRLS37EG  ROD LOCK Channel Nut',	'ea'),
('4bd93e6a-e8e7-40f1-8eb5-22f7b43c9b82',	'Caddy',	'CS16 1"',	'ea'),
('48fadd7e-4af6-4f1d-ad61-7e9ad3dca7f3',	'Compression connectors',	'T&B 54895L',	'ea'),
('a0c22ffa-1dfc-40fc-804b-d181b00dc4c1',	'Compression connectors',	'T&B CTP250250 (3/0 -> 3/0, C-Tap)',	'ea'),
('0441ec12-f5a6-49e3-aff9-04d8f1f3cc41',	'Conduit Fittings',	'1" Black form stub',	'ea'),
('fd94c9dc-4939-4da9-a48e-74d29501532e',	'Conduit Fittings',	'1" Caddy CD2B',	'ea'),
('f32456f2-c21a-4d62-8ad0-5e0b08783da8',	'Conduit Fittings',	'1" Caddy SK165I',	'ea'),
('9ffaefe6-5e2f-4305-9140-d5a236c7544b',	'Conduit Fittings',	'1" Chase nipple + 1 Locknut',	'ea'),
('7961a923-5c03-4fd0-94db-dd214430ae3d',	'Conduit Fittings',	'1" EMT 1 hole strap',	'ea'),
('9a3d63e9-a1bc-46cc-9581-1c73a3c0981b',	'Conduit Fittings',	'1" EMT connector w/ Insulated throat',	'ea'),
('5bc6e7d1-3263-48ff-a6e8-9e7fba1da2a5',	'Conduit Fittings',	'1" EMT coupling',	'ea'),
('263bc8dc-a588-40c7-a0be-6c0dc4012ae6',	'Conduit Fittings',	'1" Flex 90 connector',	'ea'),
('aa014aa6-c1b1-43cd-ae36-e81a371cd477',	'Conduit Fittings',	'1" Flex connector',	'ea'),
('2bb884d6-1b74-44cf-81f0-2c5a3cc70e86',	'Conduit Fittings',	'1" Grey bushing',	'ea'),
('670e8da4-25ab-494d-854e-167ab1c622c3',	'Conduit Fittings',	'1" Iberville CI2108',	'ea'),
('7196bbd6-9b25-4189-a30c-97918648887b',	'Conduit Fittings',	'1" LB',	'ea'),
('51a216b6-d1ba-427c-a7bc-8474f2b3ed4a',	'Conduit Fittings',	'1" P Clamp',	'ea'),
('443ca246-587a-45ce-8b9d-d1e2083aa6f0',	'Conduit Fittings',	'1" Pull elbow',	'ea'),
('192d166f-cb9b-4215-bcb9-49270e8b0944',	'Conduit Fittings',	'1" PVC end cap',	'ea'),
('fa85ad58-ce88-4bd4-a2d1-0ae90f98fd60',	'Conduit Fittings',	'1" Rigid coupling',	'ea'),
('9fe3e0b9-f559-479b-8406-8d8731502ff9',	'Conduit Fittings',	'1" Rigid nipple + 4 Locknuts',	'ea'),
('db0b0a5c-e5ca-4abf-9507-ec22080dfe23',	'Conduit Fittings',	'1" White bushing',	'ea'),
('cfb9c146-5c00-43c3-b993-0a3e1af8c0f8',	'Conduit Fittings',	'1/2" Caddy R890',	'ea'),
('4078dc6b-8634-4067-a9f4-681cc11778d5',	'Conduit Fittings',	'1/2" Caddy SK85I',	'ea'),
('0835b2af-6c15-467d-b3a9-dc014c61fc90',	'Conduit Fittings',	'1/2" Chase nipple + 1 Locknut',	'ea'),
('aed4052a-4840-4d86-b9e6-aebd9738c1f1',	'Conduit Fittings',	'1/2" EMT 1 hole strap',	'ea'),
('7ae67fe7-1bbe-4142-963a-c4c49af22f98',	'Conduit Fittings',	'1/2" EMT connector w/ Insulated throat',	'ea'),
('88ce3176-12d0-4628-bfb4-cbb11b73b5d3',	'Conduit Fittings',	'1/2" EMT coupling',	'ea'),
('d854e94a-9ca6-4519-835b-609ff812d326',	'Conduit Fittings',	'1/2" Grey bushing',	'ea'),
('e6456f1a-e598-461d-b23b-59d14f2e7667',	'Conduit Fittings',	'1/2" Iberville CI2104',	'ea'),
('506ed5b6-2242-4cd6-a984-96d316b9f6db',	'Conduit Fittings',	'1/2" LB',	'ea'),
('a798b777-03c7-44a5-babe-806c921de07e',	'Conduit Fittings',	'1/2" P Clamp',	'ea'),
('d7898fdc-7a9f-47b1-b589-5dbd421723bb',	'Conduit Fittings',	'1/2" Pull elbow',	'ea'),
('cfd0fbf9-defa-4714-90b8-9918185e33bd',	'Conduit Fittings',	'1/2" Rigid coupling',	'ea'),
('c3fef4e1-41b5-4060-b436-743aa0382a16',	'Conduit Fittings',	'1/2" Rigid nipple + 4 Locknuts',	'ea'),
('487ecfff-b779-4519-9b67-1a82569e52af',	'Conduit Fittings',	'1/2" White bushing',	'ea'),
('753ce090-4f09-4beb-88f1-d389282e7568',	'Conduit Fittings',	'1-1/2" Caddy R890',	'ea'),
('8bd893ed-a675-4e14-a78c-d82591259e24',	'Conduit Fittings',	'1-1/2" Caddy SK245I',	'ea'),
('c580c86c-00f4-400d-ac2b-7de4396f7a08',	'Conduit Fittings',	'1-1/2" Chase nipple + 1 Locknut',	'ea'),
('ff9f8b8b-5ee8-4242-879c-13a56605af8d',	'Conduit Fittings',	'1-1/2" EMT 1 hole strap',	'ea'),
('128087a0-3db5-4b28-b348-1fb687264a60',	'Conduit Fittings',	'1-1/2" EMT 90',	'ea'),
('8fa4cb95-f8a5-40e9-957f-ab6c0fb48224',	'Conduit Fittings',	'1-1/2" EMT connector w/ Insulated throat',	'ea'),
('8e2f785c-587a-451a-832c-ec1c00125ee3',	'Conduit Fittings',	'1-1/2" EMT coupling',	'ea'),
('4447984e-1c10-476b-8eb8-75d575331071',	'Conduit Fittings',	'1-1/2" Flex 90 connector',	'ea'),
('4d637bf0-331e-48ce-b92e-b2a2b2bc4123',	'Conduit Fittings',	'1-1/2" Flex connector',	'ea'),
('cde021ee-70c3-444e-bf51-310594392e02',	'Conduit Fittings',	'1-1/2" Grey bushing',	'ea'),
('1aaeb38b-168f-4c5f-9f49-119b932ab7d4',	'Conduit Fittings',	'1-1/2" Iberville CI2112',	'ea'),
('6ccc21d7-f90d-415a-bae5-bb58c3c21e64',	'Conduit Fittings',	'1-1/2" LB',	'ea'),
('4835ce0f-d07e-4ac3-b1da-262c2046dc8e',	'Conduit Fittings',	'1-1/2" P Clamp',	'ea'),
('34c53726-f8dd-4c8d-b08f-2e9fb245e5f2',	'Conduit Fittings',	'1-1/2" Pull elbow',	'ea'),
('b12145e2-4333-471b-ac1b-1bb28644bf91',	'Conduit Fittings',	'1-1/2" PVC end cap',	'ea'),
('e603147e-f647-4b3c-bfd8-f0cc4f996d7b',	'Conduit Fittings',	'1-1/2" Rigid coupling',	'ea'),
('7b2ab051-3a63-49f2-8b9c-08c640f07f67',	'Conduit Fittings',	'1-1/2" Rigid nipple + 4 Locknuts',	'ea'),
('4c4cbdd8-14c9-431b-b873-7e512f2eda18',	'Conduit Fittings',	'1-1/2" White bushing',	'ea'),
('e66c2306-fe70-4a06-9348-2fddd9336fc6',	'Conduit Fittings',	'1-1/4" Caddy R890',	'ea'),
('fc43dee6-cb98-438c-87df-a586fb34a6ec',	'Conduit Fittings',	'1-1/4" Caddy SK205I',	'ea'),
('7ea1763d-9a04-4dfd-8d9c-77d9da4f9a09',	'Conduit Fittings',	'1-1/4" Chase nipple + 1 Locknut',	'ea'),
('6a2dc9fd-bfaa-4900-9fcc-26a83226652b',	'Conduit Fittings',	'1-1/4" EMT 1 hole strap',	'ea'),
('b489fbe4-bb65-4073-84c8-aff8a1436358',	'Conduit Fittings',	'1-1/4" EMT 90',	'ea'),
('959022b1-990e-42e5-893d-58261a809924',	'Conduit Fittings',	'1-1/4" EMT connector w/ Insulated throat',	'ea'),
('e99e4ce8-c004-49c0-8688-49484fd06078',	'Conduit Fittings',	'1-1/4" EMT coupling',	'ea'),
('66ff0993-8105-4962-b56d-582f05431390',	'Conduit Fittings',	'1-1/4" Flex 90 connector',	'ea'),
('7a5c3428-7a8e-4aec-8115-5ccf6d85467a',	'Conduit Fittings',	'1-1/4" Flex connector',	'ea'),
('302cecbf-6c34-4a37-8330-330b55168f20',	'Conduit Fittings',	'1-1/4" Grey bushing',	'ea'),
('565bdb30-4504-406c-b592-96f0bd1936d5',	'Conduit Fittings',	'1-1/4" Iberville CI2110',	'ea'),
('384318a2-341d-4d4f-8697-65b14859031e',	'Conduit Fittings',	'1-1/4" LB',	'ea'),
('fa3fe0ea-64a1-4fa2-8d61-6d99c8f765d0',	'Conduit Fittings',	'1-1/4" P Clamp',	'ea'),
('9f495e59-8924-458a-867b-c1bb5c6cc447',	'Conduit Fittings',	'1-1/4" Pull elbow',	'ea'),
('cc691b38-a161-4a59-b02d-1c1b3236e01b',	'Conduit Fittings',	'1-1/4" PVC end cap',	'ea'),
('b012560e-e4f2-4de7-9c83-5a57cc1d3ff3',	'Conduit Fittings',	'1-1/4" Rigid coupling',	'ea'),
('18335b05-c914-4a97-9a76-de879405dab3',	'Conduit Fittings',	'1-1/4" Rigid nipple + 4 Locknuts',	'ea'),
('eae19490-6759-476a-b9d3-9d1c67011783',	'Conduit Fittings',	'1-1/4" White bushing',	'ea'),
('b5d9d22c-ec2e-450c-98fc-7b1bff303af6',	'Conduit Fittings',	'2" Caddy R890',	'ea'),
('8acc2407-8c99-4e2f-8bb8-3047655bb6ac',	'Conduit Fittings',	'2" Caddy SK325I',	'ea'),
('801e88d8-133c-4908-9af4-77954f5824f4',	'Conduit Fittings',	'2" Chase nipple + 1 Locknut',	'ea'),
('9cdb83b7-7aaf-4473-86de-5eae8fb57478',	'Conduit Fittings',	'2" EMT 1 hole strap',	'ea'),
('d20c744b-557d-415d-b2f6-57ac19d18035',	'Conduit Fittings',	'2" EMT 2 hole strap',	'ea'),
('1ed7b64e-c507-43e9-9531-0eda07837156',	'Conduit Fittings',	'2" EMT 90',	'ea'),
('2f30035d-6e80-425f-86b5-7b8eeaff8164',	'Conduit Fittings',	'2" EMT connector w/ Insulated throat',	'ea'),
('1af2c7fa-0b0c-48fc-abfe-f477c37f7aee',	'Conduit Fittings',	'2" EMT coupling',	'ea'),
('f467e725-2ca3-47c5-92c5-366a09a367b5',	'Conduit Fittings',	'2" Flex 90 connector',	'ea'),
('cf9e6e98-9347-4ea2-92b5-2590f55b9b84',	'Conduit Fittings',	'2" Flex connector',	'ea'),
('e5cc5576-6360-47a8-9f91-8db37a73d4c6',	'Conduit Fittings',	'2" Grey bushing',	'ea'),
('a0c2c3fe-3fa6-494b-a23a-c74c3bdee0b7',	'Conduit Fittings',	'2" Iberville CI2116',	'ea'),
('74213337-e15e-4463-b52c-ffc56c0352ff',	'Conduit Fittings',	'2" LB',	'ea'),
('5f43caf2-2791-4583-86fd-ec698612326c',	'Conduit Fittings',	'2" P Clamp',	'ea'),
('9952f5cf-45e4-4e5a-a910-e90ea1796779',	'Conduit Fittings',	'2" Pull elbow',	'ea'),
('7134321c-be80-482e-9326-387efde3f304',	'Conduit Fittings',	'2" PVC end cap',	'ea'),
('d4ff591c-f084-45fd-984e-f9e787c6d66e',	'Conduit Fittings',	'2" Rigid coupling',	'ea'),
('6332f66a-ba51-4967-8311-ec39d15453df',	'Conduit Fittings',	'2" Rigid nipple + 4 Locknuts',	'ea'),
('93408e54-74ee-4571-b985-b9d35a6b3b75',	'Conduit Fittings',	'2" White bushing',	'ea'),
('3993550c-dd8c-4c64-9dca-0f416cb41986',	'Conduit Fittings',	'2-1/2" Caddy R692',	'ea'),
('318e6a2a-453a-4183-a779-3a8a2ba296ce',	'Conduit Fittings',	'2-1/2" Caddy R890',	'ea'),
('6017d891-00f6-4982-8806-d2d1ba4208a9',	'Conduit Fittings',	'2-1/2" Caddy SK405I',	'ea'),
('3b0b4108-44df-4de3-8c45-743996a16eb0',	'Conduit Fittings',	'2-1/2" Chase nipple + 1 Locknut',	'ea'),
('126ee424-e463-43c1-b531-b4e4c6042651',	'Conduit Fittings',	'2-1/2" EMT 1 hole strap',	'ea'),
('2a123b99-9bf7-4b80-882c-bd93694b9688',	'Conduit Fittings',	'2-1/2" EMT 90',	'ea'),
('bf22e236-2459-4281-b230-d0b65fe64785',	'Conduit Fittings',	'2-1/2" EMT connector w/ Insulated throat',	'ea'),
('d8ecc6b7-7e8c-479f-8417-2dcb25469a9e',	'Conduit Fittings',	'2-1/2" EMT coupling',	'ea'),
('be1df3d1-ff50-4630-8331-cb715fb8bc7e',	'Conduit Fittings',	'2-1/2" Flex 90 connector',	'ea'),
('bc11c243-909c-4615-9a11-b92df681f1e3',	'Conduit Fittings',	'2-1/2" Flex connector',	'ea'),
('d63b2269-3558-4e6c-a466-19be55adf121',	'Conduit Fittings',	'2-1/2" Grey bushing',	'ea'),
('36f35c6a-9f71-42b2-927c-b36a3aecb909',	'Conduit Fittings',	'2-1/2" Iberville CI2120',	'ea'),
('af99ea85-e4ef-4c9a-96ca-c221b8f144de',	'Conduit Fittings',	'2-1/2" LB',	'ea'),
('5fde3e41-9e98-48b4-89c3-1ad0c8d23662',	'Conduit Fittings',	'2-1/2" P Clamp',	'ea'),
('5dd97274-91fc-4b61-a7f3-29e85bcafa6b',	'Conduit Fittings',	'2-1/2" Pull elbow',	'ea'),
('71052841-f52a-4d41-92c0-f0415a3ffefe',	'Conduit Fittings',	'2-1/2" PVC end cap',	'ea'),
('9b3da259-f007-4453-9b7f-253f79cedc16',	'Conduit Fittings',	'2-1/2" Rigid coupling',	'ea'),
('a95e1ff1-215e-46ef-9c01-aada4aa97073',	'Conduit Fittings',	'2-1/2" Rigid nipple + 4 Locknuts',	'ea'),
('b9605f33-9698-4d05-a5f1-3a73cbd71ded',	'Conduit Fittings',	'2-1/2" White bushing',	'ea'),
('be355604-2610-48ea-a1e5-2198c67dc0b4',	'Conduit Fittings',	'3" Caddy R890',	'ea'),
('40d33678-6f39-42cb-9d2b-f1bcfb93f7a2',	'Conduit Fittings',	'3" Caddy SK485I',	'ea'),
('2ab51092-86eb-48f4-ad4b-7a834719042d',	'Conduit Fittings',	'3" Chase nipple + 1 Locknut',	'ea'),
('5cc82627-4cc4-49f1-afd3-a3ba6ae5308b',	'Conduit Fittings',	'3" EMT 1 hole strap',	'ea'),
('7d56fd91-051a-4f45-a0e3-a710b4da205b',	'Conduit Fittings',	'3" EMT 90',	'ea'),
('5057ccf4-ecfc-4928-a50c-5cad35047f5e',	'Conduit Fittings',	'3" EMT connector w/ Insulated throat',	'ea'),
('565d7953-6d0e-4f62-9ace-5f0a33103264',	'Conduit Fittings',	'3" EMT coupling',	'ea'),
('b51e97a1-3f84-4644-ba7b-3eb92a259687',	'Conduit Fittings',	'3" Flex 90 connector',	'ea'),
('0fa0435a-fb31-423a-b5f6-084cc5312acd',	'Conduit Fittings',	'3" Flex connector',	'ea'),
('0cd1261a-e2ec-4af8-980c-bc8fcae9a468',	'Conduit Fittings',	'3" Grey bushing',	'ea'),
('e2c41e25-f7f9-488a-b105-7923cd1d1f91',	'Conduit Fittings',	'3" Iberville CI2124',	'ea'),
('ff3a1824-da9e-460c-ae38-34d275922786',	'Conduit Fittings',	'3" LB',	'ea'),
('0aabf177-68f8-4d84-9b41-e195510b0716',	'Conduit Fittings',	'3" P Clamp',	'ea'),
('26d1171b-790c-4c7b-ab90-8ca538800d7f',	'Conduit Fittings',	'3" Pull elbow',	'ea'),
('a9a5681a-f7f9-4fbf-ae47-171c5142a141',	'Conduit Fittings',	'3" PVC end cap',	'ea'),
('0650f83a-66a5-43de-9959-f326c79b9bd5',	'Conduit Fittings',	'3" Rigid coupling',	'ea'),
('d1c09552-d0a9-44c1-9cd6-e9e76076d4d5',	'Conduit Fittings',	'3" Rigid nipple + 4 Locknuts',	'ea'),
('7ed7e817-b1e2-4d00-941b-75fed8f227f3',	'Conduit Fittings',	'3" White bushing',	'ea'),
('fe89b9cb-3d1c-421e-b752-cc5692424305',	'Fasteners',	'5/6" Flast washer',	'ea'),
('6fd54d82-0d12-44d5-ab17-09a9a78bbaab',	'Conduit Fittings',	'3/4 Flex To EMT Coupling',	'ea'),
('0ac8934d-6578-4a42-8d9d-5bcbd4c0bf21',	'Conduit Fittings',	'3/4" Black form stub',	'ea'),
('bbf66e7c-57e8-4cca-9f12-f44de8f6e65c',	'Conduit Fittings',	'3/4" Black snap bushing',	'ea'),
('6b62017c-f1e9-481a-9f1f-4a316524e775',	'Conduit Fittings',	'3/4" Caddy CD1B',	'ea'),
('bcfbfcc2-af26-4219-9bb9-cc75c3450914',	'Conduit Fittings',	'3/4" Caddy SK125I',	'ea'),
('aab53b5f-580d-4d77-bc9b-7eabbfcf2fa2',	'Conduit Fittings',	'3/4" Chase nipple + 1 Locknut',	'ea'),
('417b5745-a9b2-4be5-9d61-3896dbce97f9',	'Conduit Fittings',	'3/4" EMT 1 hole strap',	'ea'),
('471c8974-928b-4b61-abcf-d4a3aff31491',	'Conduit Fittings',	'3/4" EMT connector w/ Insulated throat',	'ea'),
('ef8feb10-252a-4154-bce6-1302a2467292',	'Conduit Fittings',	'3/4" EMT coupling',	'ea'),
('0f234646-eaea-478c-9987-40b1c92d4328',	'Conduit Fittings',	'3/4" Flex 90 connector',	'ea'),
('68715ac5-1b21-4664-b3da-7aaa4df27280',	'Conduit Fittings',	'3/4" Flex connector',	'ea'),
('28be525d-0b7a-4671-a908-6e775db0f59c',	'Conduit Fittings',	'3/4" Grey bushing',	'ea'),
('31e4b6bc-fb8a-47f0-a07e-19d8d44de511',	'Conduit Fittings',	'3/4" Iberville CI2106',	'ea'),
('e1012371-09c3-4b37-a5e0-e06afea1425c',	'Conduit Fittings',	'3/4" LB',	'ea'),
('f5548187-b7b6-4454-9a4e-45636f3ae342',	'Conduit Fittings',	'3/4" P Clamp',	'ea'),
('104f0210-45f9-45d1-8825-f0a781b7c282',	'Conduit Fittings',	'3/4" Pull elbow',	'ea'),
('da4ba497-0149-4a64-a53a-5cefe4794715',	'Conduit Fittings',	'3/4" Rigid coupling',	'ea'),
('43987ec5-2bf9-4cdc-bdec-43f8398a7c3e',	'Conduit Fittings',	'3/4" Rigid nipple + 4 Locknuts',	'ea'),
('43080092-49aa-46b0-a18f-7b84edcdecb3',	'Conduit Fittings',	'3/4" White bushing',	'ea'),
('909a45dd-4877-4c24-af85-8ac6e891f942',	'Conduit Fittings',	'4" 2 screw flex connector',	'ea'),
('6541edaf-7073-453e-9053-1e87286d0b21',	'Conduit Fittings',	'4" Caddy R890',	'ea'),
('cea6cd4a-884a-44c1-a08c-ca246ca25de9',	'Conduit Fittings',	'4" Caddy SK645I',	'ea'),
('b76dffbc-5f8e-4b52-b9eb-a198bfd92ac7',	'Conduit Fittings',	'4" Chase nipple + 1 Locknut',	'ea'),
('a798f214-8c8d-4b29-b16b-e1c981f6b15e',	'Conduit Fittings',	'4" EMT 1 hole strap',	'ea'),
('56affd24-f684-472f-85fe-2d2d943f39d5',	'Conduit Fittings',	'4" EMT 90',	'ea'),
('3bb03d27-f299-4c72-880f-1c2a55e2240e',	'Conduit Fittings',	'4" EMT connector w/ Insulated throat',	'ea'),
('6b363a04-dcf2-4e99-ac0a-64fb513e9502',	'Conduit Fittings',	'4" EMT coupling',	'ea'),
('265545fd-a41d-4f50-badb-3db14a40d854',	'Conduit Fittings',	'4" Flex 90 connector',	'ea'),
('33965542-60f4-41ea-b04b-c1fe80c8c165',	'Conduit Fittings',	'4" Flex connector',	'ea'),
('96542e91-389a-4e31-98ed-b6ecd16cb3da',	'Conduit Fittings',	'4" Grey bushing',	'ea'),
('e539ba12-977b-4a43-a4de-58d45141a8c1',	'Conduit Fittings',	'4" LB',	'ea'),
('08727d6f-efdd-43a5-8aa1-150d04ed5d71',	'Conduit Fittings',	'4" P Clamp',	'ea'),
('787240df-cd09-428e-ab2e-a71146fe22e0',	'Conduit Fittings',	'4" Pull elbow',	'ea'),
('677e3719-f892-4912-aaa8-4e927ef875bd',	'Conduit Fittings',	'4" PVC end cap',	'ea'),
('ef1db312-3b47-490c-afb1-c4d0e284b33c',	'Conduit Fittings',	'4" Rigid coupling',	'ea'),
('58857a8c-b363-4773-90a1-6611d1dcd15d',	'Conduit Fittings',	'4" Rigid nipple + 4 Locknuts',	'ea'),
('c57303c5-3869-4363-9517-4c5c264cfc4c',	'Conduit Fittings',	'4" White bushing',	'ea'),
('838b7a96-0cbc-4485-b5f6-f5afc8546c96',	'Consumables',	'#0 Antishort',	'ea'),
('48e450a8-aa10-4f0b-ac56-07c09d349ff2',	'Consumables',	'1/2" SDS bit',	'ea'),
('bbab62eb-2207-4f91-8826-e78837810430',	'Consumables',	'1/4" SDS bit',	'ea'),
('7f06b820-5da6-415a-a8e4-f6ab62676223',	'Consumables',	'1/8" Rope',	'ft'),
('5a5a5f8f-28c1-461c-9ce7-ad2d05569698',	'Consumables',	'100 Pack laminator sheets',	'ea'),
('edc8d541-045d-4745-b1e6-1c8d28c6e026',	'Consumables',	'11" type 21s zip ties',	'ea'),
('52b19210-3ba9-40c5-869e-33444927335e',	'Consumables',	'1-1/2" Bosch daredevil bit',	'ea'),
('cb59a246-c7dc-4f92-a801-02d40fa39627',	'Consumables',	'1-3/8" holesaw',	'ea'),
('d9fa4776-7ca5-452c-b822-b257cebd3fce',	'Consumables',	'18 tpi compact bandsaw blade',	'ea'),
('eb8c62cd-9bd0-4a1f-b60e-e5e5f310237b',	'Consumables',	'18 tpi hacksaw blade',	'ea'),
('75a6ffbb-d5e9-43f3-9eaa-176054b2e60e',	'Consumables',	'2" Concrete sleeve',	'ea'),
('ab491e47-0710-4ed3-b758-cbed21492118',	'Consumables',	'2" holesaw',	'ea'),
('bc7fba8c-3bca-4ab5-9b4f-17e3b0af417f',	'Consumables',	'24 tpi hacksaw blade',	'ea'),
('07f8487a-a240-4f66-b346-b2255abb5b6e',	'Consumables',	'3" Concrete sleeve',	'ea'),
('98f11d3a-df9a-4cee-b596-8c5dcb82bcb2',	'Consumables',	'3/16" SDS bit',	'ea'),
('6986efef-c34c-4647-8b92-8d79f039a07f',	'Consumables',	'3/4" Bosch daredevil bit',	'ea'),
('d2544e00-b231-4c1f-bb46-4b6aa04225da',	'Consumables',	'3/8" SDS bit',	'ea'),
('f74858f2-69ce-4fed-a490-94bfbb472c2a',	'Consumables',	'32 tpi hacksaw blade',	'ea'),
('2dcfbe7b-4ab4-43fc-9768-d8db270f252a',	'Consumables',	'4 port wago',	'ea'),
('5225d370-4ea0-4833-a503-0339da0e95d5',	'Consumables',	'4" Concrete sleeve',	'ea'),
('43943043-7be9-436e-babc-a82c6d0fbeff',	'Consumables',	'4" holesaw',	'ea'),
('0ed51819-daf8-46fc-82c7-0c4cc7aa7c20',	'Consumables',	'5/8" SDS bit',	'ea'),
('f4d1bf3e-3cf9-4404-8a2a-6a480088db91',	'Consumables',	'500'' Florescent Green masons line',	'ea'),
('1dc4a253-50e3-4307-b018-972881efe05e',	'Consumables',	'5lb Irwin Black Chaulk (2032160)',	'ea'),
('127a5bdc-b222-4dd0-9076-b97ad602ee3b',	'Consumables',	'5lb Irwin Blue Chalk (65101)',	'ea'),
('bd172231-bfca-478c-9ddb-69064cb5e759',	'Consumables',	'5lb Irwin Orange Chalk (65105)',	'ea'),
('c85d7c19-5d85-476d-a48b-9260c21088b5',	'Consumables',	'6 port wago',	'ea'),
('792994cb-51ed-4471-9e85-1f044c32de19',	'Consumables',	'6" 18 tpi sawzall blade',	'ea'),
('57925ea7-9e2c-4a39-a7f9-b206ce8c8886',	'Consumables',	'6" 24 tpi sawzall blade',	'ea'),
('f8be9cd6-0cae-4a38-97b4-a52af5c3bb6b',	'Consumables',	'6" 5 tpi sawzall blade',	'ea'),
('edb0e8d1-3125-4bce-8635-722829c4326a',	'Consumables',	'7" type 21s zip ties',	'ea'),
('726c9b3f-4765-4955-91a9-1b5342f98212',	'Consumables',	'7/8" Carbide tooth cutter',	'ea'),
('0b5e345d-6524-4eb2-a420-87a108f4faad',	'Consumables',	'8 port wago',	'ea'),
('a8926f4d-9e06-4fb7-8acf-672244e556bc',	'Consumables',	'9" 24 tpi Milwukee Torch',	'ea'),
('523f11e4-6d7c-4911-977a-e58f33717390',	'Consumables',	'AA Batteries',	'ea'),
('37e2d700-99d4-406f-8e5d-e2bb57a59088',	'Consumables',	'AA Battery',	'ea'),
('4406e1d7-0102-4670-b933-15ab60275d9a',	'Consumables',	'AAA Batteries',	'ea'),
('68e3644c-0128-499d-a910-d5cb63f9b775',	'Consumables',	'AAA Battery',	'ea'),
('0b48e52b-edf5-446f-a1c8-1640f7aca94c',	'Consumables',	'Bag 11-800 size 8 gloves',	'ea'),
('5bf642b6-aa53-4c92-8797-d5a8a95c3d26',	'Consumables',	'Bag 11-800 size 9 gloves',	'ea'),
('14be028a-063f-4ba6-8eca-fce208105384',	'Consumables',	'Bag Knit Gloves w/ PVC Dots size 9',	'ea'),
('7b9af340-95f7-409e-98d3-b80b708f7c3c',	'Consumables',	'Bag of rags',	'ea'),
('4c16dd2a-9c9f-443b-95c7-4684faf4c69a',	'Consumables',	'Bar duct seal',	'ea'),
('12831364-9c8a-4343-aff1-289f23db86fb',	'Consumables',	'Big blue wire connectors',	'ea'),
('3ef60d0b-e43c-45cb-9478-f3f5d1edd824',	'Consumables',	'Black Dry-Erase Marker',	'ea'),
('c492469d-ba48-493e-85e9-60b5b94a7843',	'Consumables',	'Black lumber crayon',	'ea'),
('11929acb-3761-4d15-95da-00a1d0852b76',	'Consumables',	'Black marking paint (upside down)',	'ea'),
('3bc45e7d-25e0-460f-9aa4-0b6bcddbee2c',	'Consumables',	'Blue fluorescent marking paint',	'ea'),
('4bac5f0c-3892-42b8-9b1e-29d8f68ba230',	'Consumables',	'Blue wire connectors',	'ea'),
('8db74d8a-66ff-4c98-9e2e-b7151c9bba0b',	'Consumables',	'Box 50/50 safety glasses',	'ea'),
('2a32dbb4-0155-449d-9782-597e6dc34b03',	'Consumables',	'Box clear safety glasses',	'ea'),
('136262a6-3524-44d6-8fe3-f477a690c42b',	'Consumables',	'Box orange ear plugs',	'ea'),
('43318ae6-cdfd-4ab5-bd47-6825bef78f40',	'Consumables',	'Box thick garbage bags',	'ea'),
('1836f29a-9291-49c3-b046-5ad3a248c438',	'Consumables',	'Box tinted safety glasses',	'ea'),
('97b19458-df99-4557-83d9-2cbae3422c50',	'Consumables',	'Can of Klein wire lube',	'ea'),
('721c9fca-cff8-4610-bbb1-1ad93a865d95',	'Consumables',	'Can of dry teflon spray',	'ea'),
('c664a003-5542-43e4-a35b-7be13d5448bf',	'Consumables',	'Can spray foam (works with gun)',	'ea'),
('b5c52d9a-8cd4-48de-bedc-8ea91fdf0da0',	'Consumables',	'Carpenter pencil',	'ea'),
('fefa99a8-0e99-4d91-a40b-875d411a9fff',	'Consumables',	'Cut off disk',	'ea'),
('d56146c2-4549-40c3-b2e2-a9171820f8de',	'Consumables',	'Drill Index Set (48-89-4631)',	'ea'),
('2768acd2-3925-412c-bd03-bc30b3ef6f00',	'Consumables',	'Dry-Erase Board Eraser',	'ea'),
('9c9aee9e-4dc2-4654-a329-33925a0c1536',	'Consumables',	'Dust mask w/ vent',	'ea'),
('d99c9554-3bab-4b3e-a42b-f5ca21b5b37f',	'Consumables',	'Green fluorescent marking paint',	'ea'),
('14642a79-e4b7-4763-be90-8c6c8b072472',	'Consumables',	'Greenlee 435 Pull Line',	'ft'),
('962e0e68-accd-4691-86d5-da4e30aeb66e',	'Consumables',	'Grinding disk',	'ea'),
('69d3fe1d-c365-4e3c-8036-01eea67562b6',	'Consumables',	'Headlight',	'ea'),
('f3366b94-cb0f-49a5-9438-8f590053ec65',	'Consumables',	'Holesaw arbor',	'ea'),
('a5e1bfd2-8614-45e9-aa6b-743b721e2b14',	'Consumables',	'Holesaw pilot bit',	'ea'),
('cd9170b0-b2e3-4606-9dc8-587606d41b37',	'Consumables',	'Hydro twine',	'ft'),
('ad2465ac-7bce-45b1-8167-a13c7b548c41',	'Consumables',	'Lens cleaning kit',	'ea'),
('147636a5-468d-47ac-bfd6-5fd89e1b42f8',	'Consumables',	'Lumber crayon holder',	'ea'),
('06447fc6-ca7c-4366-ba78-d48d514ac1d4',	'Consumables',	'Masons string reel',	'ea'),
('75bce6e4-14da-4599-ab05-078f31b3b3fc',	'Consumables',	'Milwaukee 48-22-1950',	'ea'),
('eb0cdc37-85ea-4a82-8425-9f1bbd8ad4ed',	'Consumables',	'Milwaukee 48-22-3980',	'ea'),
('15842504-8292-4dbe-8931-22e52232151e',	'Consumables',	'Milwaukee Inkzall',	'ea'),
('b772d23f-ad09-4eef-81e1-a4027781c4bb',	'Consumables',	'Notepad',	'ea'),
('782fbec5-8213-4101-a632-87153f1b500d',	'Consumables',	'Orange fluorescent marking paint',	'ea'),
('5b80aa88-36e5-4ebd-b9c1-6a844e57ca29',	'Consumables',	'Orange wire connectors',	'ea'),
('ebe9897e-8a81-4b5a-986c-6c02fe45dff6',	'Consumables',	'Pink fluorescent marking paint',	'ea'),
('d4588190-e6c6-4883-8ddb-2bc48e4662e5',	'Consumables',	'Purple fluorescent marking paint',	'ea'),
('6d52e0ca-7217-43af-958c-1afe5507c816',	'Consumables',	'PVC foam mouse 1"',	'ea'),
('e906a6b6-e004-4e5b-b4fb-d1781e35a232',	'Consumables',	'PVC foam mouse 1-1/2"',	'ea'),
('a26ef1d9-2318-4ae6-bbf4-6d8122b1a71e',	'Consumables',	'PVC foam mouse 1-1/4"',	'ea'),
('283f4f7e-33fd-40b9-8fd3-1b6c118bac19',	'Consumables',	'PVC foam mouse 2"',	'ea'),
('0f450bec-1877-4e52-8d63-9c02d9007e42',	'Consumables',	'PVC foam mouse 2-1/2"',	'ea'),
('bbd1dfda-2690-4827-9d21-c82145ed7a9a',	'Consumables',	'PVC foam mouse 3"',	'ea'),
('a822bea9-6890-4bdb-b3ff-8522d5721f6d',	'Consumables',	'PVC foam mouse 3/4"',	'ea'),
('94be7a8f-2a81-4d20-921a-9ea1a0364b7c',	'Consumables',	'PVC foam mouse 4"',	'ea'),
('fb667ac8-e69c-4814-ac6e-6023973e488a',	'Consumables',	'Quart PVC glue',	'ea'),
('a75f2ce5-af4f-4828-ae89-482b8ec4b68e',	'Consumables',	'Red fluorescent marking paint',	'ea'),
('bf472299-ceb4-4de4-ab3f-c9411b6e411b',	'Consumables',	'Respirator + filters',	'ea'),
('4dfd78c6-8395-4be0-9c28-6d4879016e56',	'Consumables',	'Roll  white electrical tape',	'ea'),
('4a7fc1da-8653-42e3-b0f1-1e6c549c8e15',	'Consumables',	'Roll black electrical tape',	'ea'),
('c696ebe4-3704-4888-9b15-bd121ef43298',	'Consumables',	'Roll blue electrical tape',	'ea'),
('d937ad33-f485-4dbb-b7a7-aa1e1efbe259',	'Consumables',	'Roll buried electrical line tape',	'ea'),
('5175b5dc-5616-4082-a08a-7fe5f37da6df',	'Consumables',	'Roll caution tape',	'ea'),
('9c474e9d-2a63-49f9-9207-ec68395dc2f5',	'Consumables',	'Roll danger tape',	'ea'),
('584cd2e4-23eb-45bd-905a-c87565f2edf5',	'Consumables',	'Roll duct tape',	'ea'),
('14159eff-9106-4df9-81be-e214c64f009d',	'Consumables',	'Roll green electrical tape',	'ea'),
('4e985b49-fcbb-4aa5-98f1-47005d15c157',	'Consumables',	'Roll green painters tape',	'ea'),
('fc72faa8-4522-4157-8ff4-3cd8012e81f4',	'Consumables',	'Roll red electrical tape',	'ea'),
('7addc32d-97c7-442c-9154-476fc510b2e6',	'Consumables',	'Roll tie wire',	'ea'),
('3da6b4b3-9e8f-4971-b6a3-922529096a98',	'Consumables',	'SDS Plus pointed chipping bit',	'ea'),
('5d9cc125-0c19-4e32-9108-4ea693e48aeb',	'Consumables',	'Small grey wire connectors',	'ea'),
('900c636e-64f7-49a7-8d94-f42ede55ffee',	'Consumables',	'Spray foam dispensing gun (Reusable)',	'ea'),
('69418e7c-8376-4397-ab3a-58c54e92de26',	'Consumables',	'Steel strapping 1/2" x 25',	'ea'),
('10d39950-9e46-4aee-bebc-df510698c01f',	'Consumables',	'Sunscreen',	'ea'),
('d144b1de-8c9d-43ad-a126-3af4789a133b',	'Consumables',	'Twine',	'ft'),
('95ff6cdb-b3ca-4dbd-bcee-9e9a05bdbe87',	'Consumables',	'Wet hand wipes',	'ea'),
('7410ff89-f55c-47a8-84f9-f549fd88280b',	'Consumables',	'White lumber crayon',	'ea'),
('ff61954d-0380-4e92-8178-eff0ba58f8a4',	'Consumables',	'White marking paint (upside down)',	'ea'),
('de2930a7-e373-4566-8e6d-6069afe84f64',	'Consumables',	'Wire number book 1-45',	'ea'),
('2b772c25-abfa-4bfb-8dd1-95997c6cc509',	'Consumables',	'Wire number book 46-90',	'ea'),
('2d4888e1-9ecf-4be2-bdb6-531fba3c2e86',	'Consumables',	'Yellow fluorescent marking paint',	'ea'),
('ca6f79b9-5336-48fc-867c-cb67150c4e18',	'Contactors',	'120v ice cube relay',	'ea'),
('da550972-23a7-4ad7-8de0-8640a7409dfa',	'Contactors',	'4 Pole 120v Lighting contactor',	'ea'),
('2f591732-d6f6-421c-ac6f-a8df5b71e31f',	'PVC Conduit',	'2" PVC Coupling',	'ea'),
('aea15eeb-44ec-4bc7-92d5-c37b8adf2b33',	'Contactors',	'4 Pole 347v Lighting contactor',	'ea'),
('3a855721-0a83-45fe-846c-61348f3f5bed',	'Coverplates',	'1g 4x4 Decroa taylor cover',	'ea'),
('fa046fdd-fade-4942-8b85-921e3b20e8fd',	'Coverplates',	'1g Blank cover plate',	'ea'),
('1d003154-352e-45f9-b39b-248a9f699951',	'Coverplates',	'1g Decora cover plate',	'ea'),
('7b8d0047-6b43-4253-8a8b-b85c3bb78895',	'Coverplates',	'1g Metal Decora cover plate',	'ea'),
('602d0c45-80a4-4daa-af89-596ae4504b5f',	'Coverplates',	'1g While-In-Use Cover Decora',	'ea'),
('b183da64-133b-4271-a156-cc2a57703459',	'Coverplates',	'2g 4x4 Decora taylor cover',	'ea'),
('7aa6e38f-c25f-43c2-94c3-26a0fc828a52',	'Coverplates',	'2g Blank cover plate',	'ea'),
('48333b7e-5f79-486c-a43b-2c5ed45df69f',	'Coverplates',	'2g Decora cover plate',	'ea'),
('913e95c2-5cd5-4d25-bb41-6592c4ddeb85',	'Coverplates',	'2g Metal Decora cover plate',	'ea'),
('4d250a48-8cc9-4774-95e2-8c2264cdd8ae',	'Coverplates',	'3g Decora cover plate',	'ea'),
('2446ed2a-c85d-48d9-90c1-22df443e3c28',	'Coverplates',	'4g Decora cover plate',	'ea'),
('563955c8-40ed-43dc-8a48-784c92037e31',	'Disconnects',	'208v 1 phase 100a D/C',	'ea'),
('7e0c911d-d49c-4275-81f6-e3db28466a0b',	'Disconnects',	'208v 1 phase 200a D/C',	'ea'),
('9c741044-ddfb-48cf-a8e6-34b0aead9cd2',	'Disconnects',	'208v 1 phase 30a D/C',	'ea'),
('ddf914fe-7581-4c25-b5a5-4beaf8f9d50f',	'Disconnects',	'208v 1 phase 60a D/C',	'ea'),
('f543dc24-bb31-469a-a959-c7b242e46b31',	'Disconnects',	'208v 3 phase 100a D/C',	'ea'),
('bee59095-84d0-4455-abcc-0801a002c42f',	'Disconnects',	'208v 3 phase 200a D/C',	'ea'),
('3dd9b3fb-8958-461c-be92-45b4e693e5b8',	'Disconnects',	'208v 3 phase 30a D/C',	'ea'),
('bdbcf559-3591-40eb-b15e-be6ee44921bb',	'Disconnects',	'208v 3 phase 60a D/C',	'ea'),
('48e49fed-0a5a-4c2e-8668-6a47925d64ee',	'Disconnects',	'600v 3 phase 100a D/C',	'ea'),
('42ab6272-b413-44b7-8047-7c9748bf2dd0',	'Disconnects',	'600v 3 phase 30a D/C',	'ea'),
('02736b9a-b316-48cb-96b1-7c4d9c768def',	'Disconnects',	'600v 3 phase 60a D/C',	'ea'),
('e35ee0cd-2c0a-4f0a-a4d7-049981bc78ce',	'Disconnects',	'Outdoor 208v 1 phase 100a D/C',	'ea'),
('de5db9eb-9a10-47fc-bdba-76c66cd26721',	'Disconnects',	'Outdoor 208v 1 phase 200a D/C',	'ea'),
('7ba288d5-52cf-44e1-986d-170090e3c6ed',	'Disconnects',	'Outdoor 208v 1 phase 30a D/C',	'ea'),
('28652442-44e8-469f-881c-bb38a5dde355',	'Disconnects',	'Outdoor 208v 1 phase 60a D/C',	'ea'),
('f55c2da3-fc84-4ff2-9734-851ca0117948',	'Disconnects',	'Outdoor 208v 3 phase 100a D/C',	'ea'),
('f094a686-9164-4541-b26a-121106dfd35c',	'Disconnects',	'Outdoor 208v 3 phase 200a D/C',	'ea'),
('b70bbd0b-f26b-4f13-a9dc-e1aa1f7c4331',	'Disconnects',	'Outdoor 208v 3 phase 30a D/C',	'ea'),
('0ec9a70a-c184-42d6-827c-d7d73c2d57dd',	'Disconnects',	'Outdoor 208v 3 phase 60a D/C',	'ea'),
('576befa8-3782-4d6c-9503-7c0fde62262c',	'Disconnects',	'Outdoor 600v 3 phase 100a D/C',	'ea'),
('c94274e5-bc00-4c1a-9721-9f05e69d3195',	'Disconnects',	'Outdoor 600v 3 phase 30a D/C',	'ea'),
('80dfea4b-833d-4497-8a17-d13555a6f7c1',	'Disconnects',	'Outdoor 600v 3 phase 60a D/C',	'ea'),
('bd6356f0-5bc7-44ce-a141-4137c1d0b2b8',	'EMT Conduit',	'EMT 1"',	'ft'),
('db4f3478-e412-4558-bd89-f60e507f1d84',	'EMT Conduit',	'EMT 1/2"',	'ft'),
('7cd8eda7-20a0-4b73-99dd-c3beed6a52b0',	'EMT Conduit',	'EMT 1-1/2"',	'ft'),
('29af2cee-fdd6-4004-a8a1-102f1fc5d451',	'EMT Conduit',	'EMT 1-1/4"',	'ft'),
('2e19613f-ea93-4cd8-b574-ffefe51cc15a',	'EMT Conduit',	'EMT 2"',	'ft'),
('80c59dfa-1208-41b3-88a3-29bc23fceb95',	'EMT Conduit',	'EMT 2-1/2"',	'ft'),
('3c209daa-9f34-4fc7-b581-8c46369446b3',	'EMT Conduit',	'EMT 3"',	'ft'),
('540a60fd-b74b-46c9-b64b-6f011b146855',	'EMT Conduit',	'EMT 3/4"',	'ft'),
('17a2479b-2ab5-4caa-a392-bb5247b73c16',	'EMT Conduit',	'EMT 4"',	'ft'),
('cc9953e0-b52d-4058-929a-0da09addd05f',	'FA Devices',	'Door holder',	'ea'),
('7be64998-2636-4ceb-8366-e4fc3a89fb1f',	'FA Devices',	'FA Duct smoke',	'ea'),
('c686942a-0adb-4757-a7ab-08208d46694f',	'FA Devices',	'FA EOL',	'ea'),
('848988b8-c2de-474c-bf15-4e78278bc08b',	'FA Devices',	'FA Heat detector',	'ea'),
('568cf10b-5969-4ab7-95e1-b8578f5ee63d',	'FA Devices',	'FA Horn/Strobe',	'ea'),
('e12f2f8d-87e3-41cc-bde8-cf804c46ec98',	'FA Devices',	'FA Horn/Strobe WP',	'ea'),
('caac6272-31e5-4379-bbcb-312f418f600d',	'FA Devices',	'FA Isolator',	'ea'),
('5a568430-7f9a-4bf8-9ffa-0b2bea727757',	'FA Devices',	'FA Pullstation',	'ea'),
('cead1319-9cc0-490e-8f29-66c17dec8f5b',	'FA Devices',	'FA Pullstation WP',	'ea'),
('8cf51e78-8220-4308-823c-ed3ae39da600',	'FA Devices',	'FA Smoke',	'ea'),
('a5e61fac-f3d9-4f90-984e-c32218d56b1a',	'FA Devices',	'FA Strobe',	'ea'),
('7d64b444-3ea5-4ce1-ad75-3392124888fc',	'Fasteners',	'#10 x 1" screw',	'ea'),
('a1c51d18-94ea-41a2-92e2-b84fcc305be1',	'Fasteners',	'#10 x 4" screw',	'ea'),
('226a86d4-2276-405c-b919-67dabd3fabde',	'Fasteners',	'#8 x 1 screw',	'ea'),
('476f5ddf-c24a-40cc-9e4d-72e56ec498ac',	'Fasteners',	'#8 x 2" screw',	'ea'),
('650c2cf0-1fba-4c5d-ac82-61723fff2fbf',	'Fasteners',	'#8 x 2-1/2" screw',	'ea'),
('959c21eb-daf0-45b7-a585-9eb7b0512d79',	'Fasteners',	'#8 x 3" screw',	'ea'),
('aad77309-5860-43ea-865d-00926d612be7',	'Fasteners',	'#8 x 3/4" screw',	'ea'),
('a11eeeed-11f0-4c8b-b3aa-39e1eb2ab417',	'Fasteners',	'1/2" Cast in anchor for metal deck',	'ea'),
('ca7b0006-b239-4832-a172-4055259934b1',	'Fasteners',	'1/2" Pre cast wood knocker',	'ea'),
('ad103d72-f1ef-4617-b417-9f47f6708d58',	'Fasteners',	'1/4" Cast in anchor for metal deck',	'ea'),
('9ee588bd-d836-4599-a7c6-994dcec39774',	'Fasteners',	'1/4" Concrete eyelet',	'ea'),
('c2cb8bd4-5225-46b1-b160-b78a38ce5900',	'Fasteners',	'1/4" Pre cast wood knocker',	'ea'),
('7bfbb335-1eeb-4507-b942-3252005f30ef',	'Fasteners',	'1/4" Self tapping eyelet',	'ea'),
('e44737b4-feb6-4aa9-b36f-75a0ac02d299',	'Fasteners',	'1/4" x 1-1/4" tapcon/ucan scru-it',	'ea'),
('bac05e17-342d-41f5-99f9-43bf85372302',	'Fasteners',	'100 Seismic wire crimps',	'ea'),
('2a836bdb-6d4d-4987-9258-97127a340e1b',	'Fasteners',	'1-1/2" 8/32 Screw',	'ea'),
('08af36fb-5fde-4731-983d-ddd3f2db71a4',	'Fasteners',	'2" 6/32 Screw',	'ea'),
('dbee5343-0b2e-41bd-8b40-6c5086b33be3',	'Fasteners',	'2" 8/32 Screw',	'ea'),
('17fdf3b3-a908-4727-ba5d-5c08e9de5592',	'Fasteners',	'3/16" washers',	'ea'),
('dae38d4a-84c1-4709-9f1e-687310b8c1b2',	'Fasteners',	'3/8" Cast in anchor for metal deck',	'ea'),
('ade5ef23-6b7d-4264-b534-d19069167fad',	'Fasteners',	'3/8" Pre cast wood knocker',	'ea'),
('55327b80-bb1a-4fab-9470-707effc2fb43',	'Fasteners',	'3/8" x 3/4" Hex self tapper',	'ea'),
('90a3f075-d7c5-4fae-86b3-f55b1f1accd5',	'Fasteners',	'5/16" Nut',	'ea'),
('0577a64f-05da-49a2-a976-1275e38378f5',	'Fasteners',	'5/16" x 1" bolt',	'ea'),
('93d22be0-8582-4f58-ae18-3faad1b85544',	'Fasteners',	'Box 3/16" Toggle bolts',	'ea'),
('3b9f92aa-e3cf-4b55-b351-9b8bec05bc41',	'Fasteners',	'Box EZ anchors',	'ea'),
('3fed5d00-160f-45d9-8d31-e02be818a62b',	'Fasteners',	'Point wafer screw',	'ea'),
('0cd3d562-0d8d-4b5d-b570-b02564585a01',	'Fasteners',	'Self tapping wafer screw',	'ea'),
('1fe22209-9b16-4cf0-a7f0-1e84d8d1206d',	'Fasteners',	'Solid seismic wire',	'ft'),
('0719b743-b3bc-43da-b57a-9100b5c74303',	'Fasteners',	'Square washer',	'ea'),
('e52bf352-682f-4d50-91a3-be5621bc84d5',	'Fasteners',	'Stranded seismic wire',	'ft'),
('b70cada6-fddf-4060-8acc-4714aa4a74a8',	'Fasteners',	'UCAN Alex plugs',	'ea'),
('6bbd0d16-788a-4fc6-95ba-6e1647dbb1c4',	'Flex Conduit',	'FLEX 1"',	'ft'),
('fe8e9b08-a945-46df-a0a8-9d7562c4475f',	'Flex Conduit',	'FLEX 1-1/2"',	'ft'),
('f2a742f5-8f05-406d-9f3f-1537e19f29cb',	'Flex Conduit',	'FLEX 1-1/4"',	'ft'),
('ff2a334a-d888-4df9-9376-d40f67175357',	'Flex Conduit',	'FLEX 2"',	'ft'),
('0180a045-f829-4f48-a949-57742c9d617b',	'Flex Conduit',	'FLEX 2-1/2"',	'ft'),
('d4d5a0b7-c23c-49e7-a577-72f2fdd35536',	'Flex Conduit',	'FLEX 3"',	'ft'),
('564f95d3-3d4f-4af2-a1a8-908c6992ece4',	'Flex Conduit',	'FLEX 3/4"',	'ft'),
('a68007bd-c429-487f-91f3-3aeb67fde317',	'Flex Conduit',	'FLEX 4"',	'ft'),
('3d3b5e80-8bdb-4996-927c-63a769f11252',	'Floorboxs',	'Wiremold 880MP floor box',	'ea'),
('1e7aea03-80ef-408b-b706-dec423a95064',	'Lighting',	'Exit sign <X>',	'ea'),
('5ac2e030-840f-43f6-b0af-0534ae708deb',	'Lighting',	'Exit sign <X1>',	'ea'),
('bdec10fc-c28d-49f2-9961-005a2b07a968',	'Lighting',	'Exit sign <X2>',	'ea'),
('d5e34072-b9fd-45c5-819e-2a80965e3640',	'Lighting Control',	'120v OCC switch',	'ea'),
('a512f45b-72b9-427b-bac2-fbb561f7c490',	'Lighting Control',	'120v Timer switch',	'ea'),
('81f2228a-2471-4128-a7cb-36a7ab23f4cb',	'Lighting Control',	'3 way Decora switch',	'ea'),
('7ec16c23-19a9-4683-beca-76c3b4651e74',	'Lighting Control',	'LV 0-10v Wall switch',	'ea'),
('85e7d54a-1398-42df-ad52-0e9e4f0d3dd9',	'Lighting Control',	'LV OCC Ceiling mount',	'ea'),
('43792b07-bbfd-4058-a8b5-d07c655a3b3a',	'Lighting Control',	'LV OCC Switch',	'ea'),
('8516a0cb-993f-4e23-9aab-0bc321a15d67',	'Lighting Control',	'LV OCC Wall switch',	'ea'),
('352364e2-fc26-4de2-aa11-05898ce2aef5',	'Lighting Control',	'LV Wall switch',	'ea'),
('4e1ce0a6-f177-4099-b96c-440526864364',	'Lighting Control',	'PC <1>',	'ea'),
('45f88e44-3eb2-495f-935c-c764d8b785e4',	'Lighting Control',	'PC <2>',	'ea'),
('4d2c0c32-8935-4573-b2d8-1b728b8eb36f',	'Lighting Control',	'PC <3>',	'ea'),
('051287c7-fb9a-4d66-9dba-fe38d30d090d',	'Lighting Control',	'Single pole Decora switch',	'ea'),
('da34bc6a-1eac-4ca9-a368-0028f7858ba3',	'Misc',	'1-1/2" Auger bit',	'ea'),
('8105bf99-638a-46ce-8d90-765e0c48b3fe',	'Misc',	'3/4" x 10'' Copper ground rod',	'ea'),
('ddb06a41-73a6-483c-95a8-6d58f59215c3',	'Misc',	'36" Blueprint clamp',	'ea'),
('0312b6a4-23ff-4f8d-9b17-14da720831bf',	'Misc',	'8lb Metal head sledge hammer',	'ea'),
('af44450f-b054-41a7-bb14-0cbf7a15da84',	'Misc',	'Baseboard thermostat',	'ea'),
('32962cc3-aaa7-400f-a03a-59743d70e104',	'Misc',	'Black SOOW connector straight for 14/3',	'ea'),
('661c4230-1ec9-4741-b791-6d18950768c6',	'Misc',	'Blue butt slice crimp connector',	'ea'),
('81c0e411-9185-4a48-b1ab-93984904689d',	'Misc',	'Blue strobe',	'ea'),
('d9c42e7d-a7c4-4d48-9570-ea04f20be731',	'Misc',	'Boot cleaning brush',	'ea'),
('41b2a30f-ec06-4880-9712-03ddb4515982',	'Misc',	'Cable Tray',	'ft'),
('0c3c5432-2148-4705-bf68-ff48d7a3336a',	'Misc',	'Ceiling mount PA speaker',	'ea'),
('4b2e6890-7db5-4a5a-ad31-12705c528f15',	'Misc',	'EK16/EK17 Direct Burial Ground Clamp',	'ea'),
('122c53fc-ba1f-47f8-8a97-4480834215be',	'Misc',	'Female cord end',	'ea'),
('df446d64-eb41-4b91-be5a-4d6fc361564c',	'Misc',	'Ground bar + Mounts',	'ea'),
('7fc1d40c-546c-4d55-99a2-388a0fded211',	'Misc',	'Kellum grip connector for 12/4 SOOW',	'ea'),
('f588ca0d-465f-41f5-8235-c23b0f2e2e1d',	'Misc',	'Kellum grip for 12/4 SOOW',	'ea'),
('213886c0-de2f-4d66-a014-c2ae1052814a',	'Misc',	'Lenox 25477701G',	'ea'),
('a08c8061-519c-479f-9b38-a971b4a9ffa2',	'Misc',	'Male cord end',	'ea'),
('66c5f29f-d084-4b39-8e3c-e7c7855673f1',	'Misc',	'Milwaukee 49-56-9285',	'ea'),
('44ce1968-c2fd-4486-9b57-856fbcefd2e9',	'Misc',	'PA Voice control',	'ea'),
('1bda9559-1518-431d-bbc5-75c14d3169b9',	'Misc',	'Screw on plastic zip tie mounts',	'ea'),
('2553cbb3-d8c4-4dc8-9de1-18859872142b',	'Misc',	'T&B GUV5825',	'ea'),
('06f29274-e9f1-46f9-a34c-78c0f1bcf197',	'Misc',	'Wall mount PA speaker',	'ea'),
('f9ed047e-39c4-4ef9-b359-4ab9aec70115',	'Misc',	'Wall mount PA speaker - WP',	'ea'),
('921742c9-4a6e-4679-b369-d71882c54771',	'Misc',	'Yellow female spade crimp connector',	'ea'),
('f47035c1-6471-41bc-9220-82b9a86172db',	'Misc',	'Yellow hoop crimp',	'ea'),
('7330109c-bb47-45b4-bee0-ffa7614195af',	'PVC Conduit',	'1" KT90',	'ea'),
('2492d4e4-623d-4bab-90df-2826c9e6ad97',	'PVC Conduit',	'1" PVC 30 Elbow',	'ea'),
('9051cf2d-cf3b-4de1-abaf-f236f4a7ca73',	'PVC Conduit',	'1" PVC 45',	'ea'),
('4f36c16c-52dd-4ce0-935a-ed1716865307',	'PVC Conduit',	'1" PVC 90',	'ea'),
('1ecb4de7-9fa7-46c5-965b-5828364cd1c6',	'PVC Conduit',	'1" PVC Expansion coupling',	'ea'),
('727691f2-ad15-46cd-9430-2e6ef7c5ce99',	'PVC Conduit',	'1" PVC FA',	'ea'),
('7538786e-9b33-48be-9049-7bb6a1926738',	'PVC Conduit',	'1" PVC TA + Locknuts',	'ea'),
('9a3d96c0-2691-48e6-b377-f41e1ac19ed1',	'PVC Conduit',	'1" to 3/4" PVC Reducer',	'ea'),
('9308656f-5299-40df-a052-45b46c2cd138',	'PVC Conduit',	'1" PVC Coupling',	'ea'),
('ee0be742-0122-4b03-a0d9-65abd0e691e8',	'PVC Conduit',	'1-1/2" PVC 45',	'ea'),
('6e576983-88a3-409a-974a-dc5480c955a6',	'PVC Conduit',	'1-1/2" PVC 90',	'ea'),
('caab59c2-6cc0-44a5-83a7-3747ab42424a',	'PVC Conduit',	'1-1/2" PVC Coupling',	'ea'),
('27a674d4-5fee-4cc8-a8a6-e65b22b45324',	'PVC Conduit',	'1-1/2" PVC Expansion coupling',	'ea'),
('f49b9dbd-0a68-4d69-af68-d3bde95b24c8',	'PVC Conduit',	'1-1/2" PVC FA',	'ea'),
('78a71b6d-cdb6-46b5-951a-d39d4dcf0ed8',	'PVC Conduit',	'1-1/2" PVC TA + Locknuts',	'ea'),
('d4c9bd0f-ea44-45b4-b8b7-b90dc631f8f4',	'PVC Conduit',	'1-1/4" PVC 45',	'ea'),
('8f99d6ab-070f-48cc-8101-3afb6779cd67',	'PVC Conduit',	'1-1/4" PVC 90',	'ea'),
('b4653340-3034-40a7-9c8a-4e1b4e55de96',	'PVC Conduit',	'1-1/4" PVC Coupling',	'ea'),
('89f43b5d-54e0-4780-a2b8-ea90e6585276',	'PVC Conduit',	'1-1/4" PVC Expansion coupling',	'ea'),
('2a095284-c824-4461-9664-db64b7da01ef',	'PVC Conduit',	'1-1/4" PVC FA',	'ea'),
('6a8066a7-9e28-411a-a77f-67348a863e24',	'PVC Conduit',	'1-1/4" PVC TA + Locknuts',	'ea'),
('61a89154-163d-44f8-a54a-adf244999320',	'PVC Conduit',	'2" PVC 45',	'ea'),
('6de9bb4a-e431-44f0-b2be-17acd1c4f688',	'PVC Conduit',	'2" PVC 90',	'ea'),
('34f11150-2901-4314-a8fa-d022bde4ca5b',	'PVC Conduit',	'2" PVC Expansion coupling',	'ea'),
('2ac114d7-b1c2-4bbb-846b-515ad6d9a2a3',	'PVC Conduit',	'2" PVC FA',	'ea'),
('ede8495a-90cf-4369-bd2d-e252a8409ae5',	'PVC Conduit',	'2" PVC TA + Locknuts',	'ea'),
('6e74d714-686c-4a00-9acf-aafc2758399a',	'PVC Conduit',	'2-1/2" PVC 45',	'ea'),
('dc0ae3f9-bd07-48a4-b560-f65a8884b214',	'PVC Conduit',	'2-1/2" PVC 90',	'ea'),
('77fde8bc-1a0a-429e-b631-f611e2a025b4',	'PVC Conduit',	'2-1/2" PVC Coupling',	'ea'),
('a880c3bb-8f55-4861-a2c6-07a3b718d7c7',	'PVC Conduit',	'2-1/2" PVC Expansion coupling',	'ea'),
('e9b3ce35-8888-46d0-b017-3616d0289d56',	'PVC Conduit',	'2-1/2" PVC FA',	'ea'),
('cd6fb082-4e14-4195-b18d-811fdba931b0',	'PVC Conduit',	'2-1/2" PVC TA + Locknuts',	'ea'),
('83627534-62af-41b9-97bc-5b5fa354dca9',	'PVC Conduit',	'3" DB2 Coupling',	'ea'),
('e24babdb-fdb8-443b-9088-5af105aa6e0b',	'PVC Conduit',	'3" PVC 45',	'ea'),
('4e3de834-41b0-4469-94dc-eb1d9e5e1172',	'PVC Conduit',	'3" PVC 90',	'ea'),
('03bdaa3f-9933-4c73-b45c-a2b4a3731b2d',	'PVC Conduit',	'3" PVC Coupling',	'ea'),
('3b93bc70-60e5-4c7a-9dc7-54208d0e5d70',	'PVC Conduit',	'3" PVC Expansion coupling',	'ea'),
('d2950c6c-0033-4fba-bd66-02475b22c577',	'PVC Conduit',	'3" PVC FA',	'ea'),
('c6d365e8-5113-4171-b8f8-2dd64fb89e1b',	'PVC Conduit',	'3" PVC TA + Locknuts',	'ea'),
('b61397ff-d788-47d4-ba0e-a461590a0db8',	'PVC Conduit',	'3/4" KT90',	'ea'),
('6ed02750-2a66-43e1-8446-eb5c2cf18269',	'PVC Conduit',	'3/4" PVC 30 Elbow',	'ea'),
('4aea51ae-ae77-45d2-9c97-77c9427c324c',	'PVC Conduit',	'3/4" PVC 45',	'ea'),
('659fa361-2dcc-4d1e-b504-4c9bfc21c485',	'PVC Conduit',	'3/4" PVC 90',	'ea'),
('a86cbb50-1b44-4645-9688-41ef3c3c89bd',	'PVC Conduit',	'3/4" PVC Coupling',	'ea'),
('00a19e63-bb7d-4917-a144-acd5f389edb0',	'PVC Conduit',	'3/4" PVC Expansion coupling',	'ea'),
('4a9aeb3a-1a12-4e3e-86ae-1e303174ffa4',	'PVC Conduit',	'3/4" PVC FA',	'ea'),
('33a49c51-e9c0-4c98-a844-e6a4e43e7445',	'PVC Conduit',	'3/4" PVC TA + Locknut',	'ea'),
('5e53253c-5269-4ca4-a5b1-34e4175aba35',	'PVC Conduit',	'4" DB2 45',	'ea'),
('785441fb-22b6-4043-bc28-fa49c95edfac',	'PVC Conduit',	'4" DB2 Coupling',	'ea'),
('567ea5c8-d24d-475a-ae1b-e0673799df8c',	'PVC Conduit',	'4" DB2 Y fitting',	'ea'),
('f27d57ef-5add-4113-a374-5150cc855089',	'PVC Conduit',	'4" PVC 45',	'ea'),
('3866034e-ee51-4698-b090-007db9e9f8bf',	'PVC Conduit',	'4" PVC 90',	'ea'),
('ac29614f-9831-4e11-9760-c7073808d8e0',	'PVC Conduit',	'4" PVC Coupling',	'ea'),
('a1d7c9dd-5a2a-4bb8-bb42-d046c2abe358',	'PVC Conduit',	'4" PVC Expansion coupling',	'ea'),
('5b575a80-9e51-4f0c-8c0d-791c89809813',	'PVC Conduit',	'4" PVC FA',	'ea'),
('bcc37e31-8f19-4fcd-a624-2a46eef89d81',	'PVC Conduit',	'4" PVC TA + Locknuts',	'ea'),
('056b4f57-7a4d-4f0b-86c7-6249459b20f4',	'PVC Conduit',	'DB2 3" Sweep',	'ea'),
('26c4fbae-8654-4af2-82c3-75968fb7cc51',	'PVC Conduit',	'DB2 4"',	'ft'),
('c6fbc461-8f94-479b-b6cd-7ec058a55afb',	'PVC Conduit',	'DB2 4" Orange',	'ft'),
('6f296445-abe4-4f9b-b96a-275faf51ab11',	'PVC Conduit',	'DB2 4" Sweep',	'ea'),
('0d4a36f5-27b4-4b7d-b8b8-b2e48f488f96',	'PVC Conduit',	'PVC 1"',	'ft'),
('7f96a73b-d5b4-490e-b9ae-03db36bab2ad',	'PVC Conduit',	'PVC 1-1/2"',	'ft'),
('c1f13266-cd07-4549-aa4b-02c216c9a2b4',	'PVC Conduit',	'PVC 1-1/4"',	'ft'),
('94cfc2d1-5dcb-45cf-b9d5-f1fbced670e3',	'PVC Conduit',	'PVC 2"',	'ft'),
('41419050-4d7e-4801-8d80-a030d65b1c8a',	'PVC Conduit',	'PVC 2-1/2"',	'ft'),
('57a2938e-d21e-47e1-ba32-c1c05b050b2d',	'PVC Conduit',	'PVC 3"',	'ft'),
('d9ec84e2-8692-4c2c-91d2-cfe8d117ab25',	'PVC Conduit',	'PVC 3/4"',	'ft'),
('da6b1cf7-05b1-449f-b9e5-428ec92f26dd',	'PVC Conduit',	'PVC 4"',	'ft'),
('04090406-c8b6-4789-897d-27ec2253b4e0',	'Receptacles',	'14-15R + Coverplate',	'ea'),
('c4ce4bd5-0ed1-4c68-80cc-65650289db09',	'Receptacles',	'14-20R + Coverplate',	'ea'),
('6ceaf64d-573a-4e35-8ebd-c59125d62644',	'Receptacles',	'14-30R + Coverplate',	'ea'),
('1e50a4a7-23c9-4d7c-bdfc-e6a38a05bab0',	'Receptacles',	'14-50R + Coverplate',	'ea'),
('9c7bef33-b89f-4014-86da-293a33f37d3a',	'Receptacles',	'14-60R + Coverplate',	'ea'),
('2c087e3c-87bf-4593-8514-5e6f7d86645d',	'Receptacles',	'15-15R + Coverplate',	'ea'),
('912ee7aa-f35b-4034-872d-b64e30975cf1',	'Receptacles',	'15-20R + Coverplate',	'ea'),
('86a68993-89d8-4e3a-95ab-6ff862ee8202',	'Receptacles',	'15-30R + Coverplate',	'ea'),
('f702fa81-621b-4945-bbf6-25533cae3ca9',	'Receptacles',	'15-50R + Coverplate',	'ea'),
('24b54367-16e8-43d0-874d-53ff301be6af',	'Receptacles',	'15-60R + Coverplate',	'ea'),
('f0f432a5-54f8-43f4-9320-a359b540f77c',	'Receptacles',	'5-15R Decora  - Cooper 6252W-BU',	'ea'),
('868ea69e-3d8b-4d9a-8816-bee6c5711bd2',	'Receptacles',	'5-15R GFCI',	'ea'),
('2513dffe-0413-4b6a-a9be-92e869a343ff',	'Receptacles',	'5-20R Decora  - Cooper 6352W-BU',	'ea'),
('d65cc84b-d7e5-4529-a0b5-c97dfcc1b8c1',	'Receptacles',	'5-20R GFCI',	'ea'),
('d9a7f998-677a-4727-99cc-a722c8499e05',	'Receptacles',	'5-30R + Coverplate',	'ea'),
('141df9af-cef5-46e1-97eb-395f69740f60',	'Receptacles',	'5-50R + Coverplate',	'ea'),
('0c1fc9ac-465a-4b46-b45e-3e31444ad63f',	'Receptacles',	'6-15R + Coverplate',	'ea'),
('355d9dbb-5cae-49e5-bb3f-d1624e6e1a1a',	'Receptacles',	'6-20R + Coverplate',	'ea'),
('2e3ceef9-f97b-419e-b024-40ae34c02279',	'Receptacles',	'6-30R + Coverplate',	'ea'),
('e52b0385-19de-4774-a0e4-385f75693e20',	'Receptacles',	'6-50R + Coverplate',	'ea'),
('c23d4af2-1b03-46cc-8a42-4ca035490c5d',	'Rod & Unistrut',	'1" Slotted unistrut',	'ft'),
('ffbd3fb2-7df5-4e33-be6f-d3a34ad55582',	'Rod & Unistrut',	'1/2 Wedge anchor 3-3/4"',	'ea'),
('751dc94a-9ac5-4f06-b8f9-711a096ffd9b',	'Rod & Unistrut',	'1/2 Wedge anchor 5-1/2"',	'ea'),
('018aa612-4052-458f-9859-1c7af89387b3',	'Rod & Unistrut',	'1/2" Ceiling flange',	'ea'),
('837566fa-c2c7-4f20-abe0-5ff48752fcaa',	'Rod & Unistrut',	'1/2" Fender washer',	'ea'),
('68b3a426-5ffa-4100-89cd-b7f55455b796',	'Rod & Unistrut',	'1/2" Flat washer',	'ea'),
('4976bc7d-e0b1-49cf-aa86-24337df86476',	'Rod & Unistrut',	'1/2" Nut',	'ea'),
('4d64dd5d-3e53-4beb-a7c0-f5117e302045',	'Rod & Unistrut',	'1/2" Rod coupling',	'ea'),
('98f0cd98-9866-48c0-863a-df8af293b488',	'Rod & Unistrut',	'1/2" Sleeve rod coupler anchor',	'ea'),
('ed52d59b-ead1-4b0f-8e7d-7ec6da4233ec',	'Rod & Unistrut',	'1/2" Spring nut',	'ea'),
('580177c8-e768-425a-86db-958a53b16bdd',	'Rod & Unistrut',	'1/2" Threaded rod',	'ft'),
('61e210d8-13cf-4274-8a76-f66e9e5f053b',	'Rod & Unistrut',	'1/2" x 1" hex bolt',	'ea'),
('a414ddb5-15a9-424f-b34c-55e803e9696b',	'Rod & Unistrut',	'1/2" x 2" hex bolt',	'ea'),
('f31019d0-881f-45ff-a447-d2db78c67128',	'Rod & Unistrut',	'1/4" Ceiling flange',	'ea'),
('d68d9542-7979-4ddd-9acf-c006cd59e76a',	'Rod & Unistrut',	'1/4" Fender washer',	'ea'),
('a02c40ea-46a1-4997-9aec-0e2d78bc98db',	'Rod & Unistrut',	'1/4" Flat washer',	'ea'),
('75e0d66d-5dc2-4676-ba9e-478130d4f5f2',	'Rod & Unistrut',	'1/4" Nut',	'ea'),
('407a69dd-5be4-4af0-b0ea-caa87fb34b29',	'Rod & Unistrut',	'1/4" Rod coupling',	'ea'),
('fa7f11cb-379b-485e-a825-84242070915a',	'Rod & Unistrut',	'1/4" Spring nut',	'ea'),
('18fe0dc1-031e-4256-8bdb-9e8034d449b2',	'Rod & Unistrut',	'1/4" Threaded rod',	'ft'),
('edb86545-1adb-414f-b5f8-1ccce983318b',	'Rod & Unistrut',	'1/4" Wedge anchor 1-3/4',	'ea'),
('46c70bb0-959f-4ffd-a1ff-ac37265ca643',	'Rod & Unistrut',	'1/4" x 1" #3 Robertson head bolt',	'ea'),
('80774c7b-c10c-4428-a8bc-626e73f81e62',	'Rod & Unistrut',	'1-5/8" Slotted unistrut',	'ft'),
('7bbcbaac-ce96-413e-a893-a10e66d74210',	'Rod & Unistrut',	'2 Hole 45 bracket (AB227)',	'ea'),
('0cc6891c-1b20-4a08-a3cb-e0c6b0a360a6',	'Rod & Unistrut',	'2 Hole L bracket (AB201)',	'ea'),
('0359faac-0688-4e50-84b1-bde7e7e0fb6b',	'Rod & Unistrut',	'3 Hole L bracket (AB203)',	'ea'),
('bff4cb2d-2d47-4935-8c3f-39615107492b',	'Rod & Unistrut',	'3/8 Wedge anchor 3"',	'ea'),
('c043cfa2-a2f4-417b-a5be-bd4c98f9eb27',	'Rod & Unistrut',	'3/8 Wedge anchor 5"',	'ea'),
('c4dc9f89-da73-4e19-9efc-794cd1b1937d',	'Rod & Unistrut',	'3/8" Ceiling flange',	'ea'),
('e11760db-2730-4b17-a65c-c829e6fe0f79',	'Rod & Unistrut',	'3/8" Fender washer',	'ea'),
('c78e5deb-e34a-4708-81d3-2478bada3fdf',	'Rod & Unistrut',	'3/8" Flat washer',	'ea'),
('e2798544-fc88-4604-b5ab-9a4b4a5a880c',	'Rod & Unistrut',	'3/8" Lock washer',	'ea'),
('bc22dc77-c71f-45e7-b5e5-9e9eefdb9850',	'Rod & Unistrut',	'3/8" Nut',	'ea'),
('b11fe2e9-3091-416f-b947-c34b6fde1eb3',	'Rod & Unistrut',	'3/8" Rod coupling',	'ea'),
('aebb0ed1-1aeb-4d9f-8de4-35a606c664ce',	'Rod & Unistrut',	'3/8" Sleeve rod coupler anchor',	'ea'),
('d14fa261-16ae-4044-b310-c17d525349b9',	'Rod & Unistrut',	'3/8" Spring nut',	'ea'),
('585a0df1-e37c-4094-9f55-81f61b0d5178',	'Rod & Unistrut',	'3/8" Threaded rod',	'ft'),
('afef773e-a42b-4140-864d-33fac4af3ec7',	'Rod & Unistrut',	'3/8" x 1" hex bolt',	'ea'),
('8e07e7d4-caed-47d3-b8bc-280b80084a09',	'Rod & Unistrut',	'3/8" x 2" hex bolt (Full thread)',	'ea'),
('90428063-7e18-4c1a-b4ab-af3daf7bf9b5',	'Rod & Unistrut',	'4 Hole L bracket (N205)',	'ea'),
('03f99233-6095-4c5b-a032-006c87e0fcca',	'Rod & Unistrut',	'Strongtie RSV37112 - Rod/Steel',	'ea'),
('0a1ef867-f03f-4f28-86cc-ed31f1d29222',	'Rod & Unistrut',	'Strongtie RWV37100 - Rod/Wood',	'ea'),
('25e447aa-da1d-48a1-9f3b-386a1ffeb115',	'Rod & Unistrut',	'Strongtie SL25138A - Sleeve',	'ea'),
('8ce5cb64-8a91-4f29-8832-e2fb63413d8e',	'Rod & Unistrut',	'Strongtie THDB25178H - Titan',	'ea'),
('be2aafbe-b66b-460a-9f4d-fe9bae7d5f84',	'Rod & Unistrut',	'THDB37158RH',	'ea'),
('0aebbc8d-b8b8-40b3-be86-66dbc298a489',	'Southwire rolls',	'Southwire 3 conductor #1',	'ft'),
('35fe7bf8-fa8e-4fa0-9ea7-fb3578cea172',	'Southwire rolls',	'Southwire 3 conductor #2',	'ft'),
('3b999a54-81fc-4432-a990-7e74c8e44598',	'Southwire rolls',	'Southwire 3 conductor #3',	'ft'),
('5e23c42f-cb29-46c8-b23a-1bcf496cbd60',	'Southwire rolls',	'Southwire 3 conductor #4',	'ft'),
('48822005-962f-47c1-bf3d-9110fadf4b2b',	'Southwire rolls',	'Southwire 3 conductor #6',	'ft'),
('7e6561d7-3a56-44c0-9586-16b36e5c7e08',	'Southwire rolls',	'Southwire 3 conductor #8',	'ft'),
('9cfd4a7e-061b-4ac2-8c1f-903aa520da4e',	'Southwire rolls',	'Southwire 3 conductor 1/0',	'ft'),
('311443e8-fede-4539-9337-a6d495940ee2',	'Southwire rolls',	'Southwire 3 conductor 2/0',	'ft'),
('9b929a14-9706-44d6-8317-0cd8a5293441',	'Southwire rolls',	'Southwire 3 conductor 250mcm',	'ft'),
('dbe1e5b9-7021-4226-8c80-aa0ed315a974',	'Southwire rolls',	'Southwire 3 conductor 3/0',	'ft'),
('269af190-1542-4093-8706-df7812d2cea7',	'Southwire rolls',	'Southwire 3 conductor 4/0',	'ft'),
('9d0183c4-904b-4fd8-81a9-9e8be592336a',	'Southwire rolls',	'Southwire 3 conductor 500mcm',	'ft'),
('98ddc5c9-e29e-4db4-9bcf-a4ff0fec7724',	'Southwire rolls',	'Southwire 4 conductor #1',	'ft'),
('17cd85bf-1a94-43e6-803e-e443670f590d',	'Southwire rolls',	'Southwire 4 conductor #2',	'ft'),
('97097e0c-2a6b-4705-ab35-357772c2bca3',	'Southwire rolls',	'Southwire 4 conductor #3',	'ft'),
('02329a06-e0c0-4275-ae75-060a4996d61e',	'Southwire rolls',	'Southwire 4 conductor #4',	'ft'),
('6186978f-3e88-441e-9e45-25dbef9b6efd',	'Southwire rolls',	'Southwire 4 conductor #6',	'ft'),
('ef0531a1-ee63-4e59-ba5f-50dcbfec6fe7',	'Southwire rolls',	'Southwire 4 conductor #8',	'ft'),
('4b1f9498-874d-4f23-8c95-4fd1245cf68a',	'Southwire rolls',	'Southwire 4 conductor 1/0',	'ft'),
('d0af9ebd-52dc-4623-991c-f18802e85b02',	'Southwire rolls',	'Southwire 4 conductor 2/0',	'ft'),
('904c382e-6571-4e50-940c-cd703454d5b6',	'Southwire rolls',	'Southwire 4 conductor 250mcm',	'ft'),
('3c5ce2b9-0bb9-408f-882a-15ee95fa3aa4',	'Southwire rolls',	'Southwire 4 conductor 3/0',	'ft'),
('b638879a-a0a7-42bd-8129-e6811d4e4cf7',	'Southwire rolls',	'Southwire 4 conductor 4/0',	'ft'),
('84262379-b5a2-4616-bd51-98edfc55222e',	'Southwire rolls',	'Southwire 4 conductor 500mcm',	'ft'),
('4d1fa9a4-d48c-445e-932b-5805870d64aa',	'Switches',	'2h timer switch LVLTB021LZ',	'ea'),
('8fdbd435-b06d-4bda-8618-4356be467bde',	'Switches',	'4 way Decora switch',	'ea'),
('9c8bd138-52e9-4673-a7d1-6baa234ea1d0',	'Switches',	'Decora dual rocker switch',	'ea'),
('4f723f24-860b-4d15-97c8-b166eab638aa',	'Switches',	'Decora momentary contact switch',	'ea'),
('e5f79a43-f6d0-4687-8386-4467a9e96b9b',	'Switches',	'Decora rocker switch',	'ea'),
('eb3d1400-6baf-44e8-91c2-79da0e3b902b',	'Switches',	'Decora rocker switch with 0-10v dimming',	'ea'),
('73109ce2-b961-448c-9396-481c35c988c1',	'Switches',	'OCC 120v',	'ea'),
('0c1854d9-9628-43a6-852e-992a1d5e8237',	'Switches',	'OCC LV',	'ea'),
('9f3e6688-e31d-47d9-b4b7-b5bfaf31a136',	'Switches',	'Torq SS721Z in-wall timer',	'ea'),
('c17cc9e5-ce2b-42f7-85b1-03069c95245d',	'Teck',	'TECK90 2 conductor #1',	'ft'),
('3b698f01-adbd-4252-a1e7-c1b657c83a69',	'Teck',	'TECK90 2 conductor #10',	'ft'),
('a6e73d81-43c3-4d44-bf4a-dd36670ce053',	'Teck',	'TECK90 2 conductor #12',	'ft'),
('9ceeef96-9d75-4e09-baf1-4ac313a693f5',	'Teck',	'TECK90 2 conductor #2',	'ft'),
('2d65482c-fbd3-40c3-a309-456340d8ac2a',	'Teck',	'TECK90 2 conductor #3',	'ft'),
('14f97d2c-a946-42fc-b7b3-5a43cb32ed1b',	'Teck',	'TECK90 2 conductor #4',	'ft'),
('524058c7-6356-4fdb-a764-5164989ecacc',	'Teck',	'TECK90 2 conductor #6',	'ft'),
('82ac261f-c413-4ae1-b513-56fd992bc1be',	'Teck',	'TECK90 2 conductor #8',	'ft'),
('42c68e6d-cfe6-413f-9792-4427dce6ac83',	'Teck',	'TECK90 2 conductor 1/0',	'ft'),
('be0fb391-328f-432f-9e60-4e3d465366d4',	'Teck',	'TECK90 2 conductor 2/0',	'ft'),
('f00510a4-836f-4cd1-b698-16d69fffb9e9',	'Teck',	'TECK90 2 conductor 250mcm',	'ft'),
('6cdaa8e2-db93-4b26-a2a4-fabda0e7b6cd',	'Teck',	'TECK90 2 conductor 3/0',	'ft'),
('2035a2ac-78e6-4901-93b2-f5681072cb38',	'Teck',	'TECK90 2 conductor 4/0',	'ft'),
('03101937-32ba-4ebb-bcdd-435225e3ba03',	'Teck',	'TECK90 2 conductor 500mcm',	'ft'),
('e570e8da-d16c-4f64-b760-398501b06d6e',	'Teck',	'TECK90 3 conductor #1',	'ft'),
('92309c7a-a87a-472e-b795-794d73f37283',	'Teck',	'TECK90 3 conductor #10',	'ft'),
('f3b556bd-91be-438b-be25-193282d66f18',	'Teck',	'TECK90 3 conductor #12',	'ft'),
('fc50fe32-3e30-457d-933f-dcba45e3c4de',	'Teck',	'TECK90 3 conductor #2',	'ft'),
('76dbe283-d38f-4645-9e6c-3e7e33f903a1',	'Teck',	'TECK90 3 conductor #3',	'ft'),
('e90424eb-ed8b-4484-830a-97913e125764',	'Teck',	'TECK90 3 conductor #4',	'ft'),
('51fdbd53-d239-4118-8928-49c50d33761b',	'Teck',	'TECK90 3 conductor #6',	'ft'),
('50e60c51-d91f-4315-8c98-f03b83b0274f',	'Teck',	'TECK90 3 conductor #8',	'ft'),
('2352b63b-e0d1-4d88-b1d6-da1aa2c193a9',	'Teck',	'TECK90 3 conductor 1/0',	'ft'),
('cbc9e0d6-2c5f-4387-ba90-d2c602c97cc5',	'Teck',	'TECK90 3 conductor 2/0',	'ft'),
('cdd97658-fe18-4238-af1f-9216549d6539',	'Teck',	'TECK90 3 conductor 250mcm',	'ft'),
('2fbf23ff-0343-4b19-8698-3692c1cfef51',	'Teck',	'TECK90 3 conductor 3/0',	'ft'),
('005779df-3f1a-4d76-aab4-acf63435944a',	'Teck',	'TECK90 3 conductor 4/0',	'ft'),
('28724622-cb38-4fa5-8e8e-93fe0f30a2e5',	'Teck',	'TECK90 3 conductor 500mcm',	'ft'),
('93f7df0d-8b87-440e-9230-058fedc992b0',	'Teck',	'TECK90 4 conductor #1',	'ft'),
('1a074ae4-3b89-4fa6-81df-52d01bb593ee',	'Teck',	'TECK90 4 conductor #10',	'ft'),
('0e816fa5-9ce8-47b5-818c-9b3ef0627314',	'Teck',	'TECK90 4 conductor #12',	'ft'),
('3beec901-09d2-4147-a803-9b1e59d6741c',	'Teck',	'TECK90 4 conductor #2',	'ft'),
('7a03bd5a-142a-4183-98bd-ce6d03cc18c0',	'Teck',	'TECK90 4 conductor #3',	'ft'),
('7b93526c-9142-4b7c-bf51-9510f3678f80',	'Teck',	'TECK90 4 conductor #4',	'ft'),
('2afe259b-db40-48cb-9d66-c737621054f4',	'Teck',	'TECK90 4 conductor #6',	'ft'),
('d6de4f00-25d1-4262-90db-a67100fab5ff',	'Teck',	'TECK90 4 conductor #8',	'ft'),
('b5078998-cacb-4401-aa6a-cb3751b8b880',	'Teck',	'TECK90 4 conductor 1/0',	'ft'),
('1b8251e0-e3e2-4a2e-bb13-090e6002cd48',	'Teck',	'TECK90 4 conductor 2/0',	'ft'),
('d1934167-c624-462a-912b-87ef545c8de2',	'Teck',	'TECK90 4 conductor 250mcm',	'ft'),
('7d626267-a5d1-4fcc-86fd-adec509e846f',	'Teck',	'TECK90 4 conductor 3/0',	'ft'),
('c8d1851d-d00e-47e2-b807-5fa4910e7d91',	'Teck',	'TECK90 4 conductor 4/0',	'ft'),
('89ed11cc-b1c5-4b08-8b75-65c353ef104f',	'Teck',	'TECK90 4 conductor 500mcm',	'ft'),
('e90fece1-0bcf-4e2d-9b8a-6b8274d13ee7',	'TEMP',	'150'' Ethernet cable',	'ea'),
('512f48d2-a566-4b14-9e93-1409b0b3e122',	'TEMP',	'1500w Baseboard heater',	'ea'),
('fc9e4727-dd80-4224-a31a-cf92bd4c7793',	'TEMP',	'4'' T8 3500K',	'ea'),
('b3d3f045-470f-47b4-913d-6c10b805fdec',	'TEMP',	'Thermostat for baseboard heater',	'ea'),
('371a3234-a907-41a7-968c-5c27ab50886e',	'TEMP',	'WSBA11BK',	'ea'),
('bd6e88f4-a733-471d-9bf0-f81bf17866ba',	'Wire',	'#1 Aluminum',	'ft'),
('0ddcf55a-7a71-48f7-8414-93e79d4ac637',	'Wire',	'#1 Copper',	'ft'),
('719a6a2e-709f-4962-bc70-58293eecf065',	'Wire',	'#10 RW90 Stranded - BLACK',	'ft'),
('466e7407-d10b-45cc-962c-fd22e5099750',	'Wire',	'#10 RW90 Stranded - BLUE',	'ft'),
('71bced21-516c-4bd9-b282-c6fba286b6ff',	'Wire',	'#10 RW90 Stranded - RED',	'ft'),
('b5a3b789-e29e-407a-9f97-112b71e98773',	'Wire',	'#10 RW90 Stranded - WHITE',	'ft'),
('f7915ea5-e748-4e4f-9922-5cfab05778a5',	'Wire',	'#10 RWU90 Stranded - BLACK',	'ft'),
('6e487f05-bd4f-49bf-9622-b14d641cf5d8',	'Wire',	'#10 RWU90 Stranded - BLUE',	'ft'),
('8378cf07-4528-4f26-8430-c384897aeb8e',	'Wire',	'#10 RWU90 Stranded - RED',	'ft'),
('2800d385-5b8a-48af-a2da-2ec4f029d39a',	'Wire',	'#10 RWU90 Stranded - WHITE',	'ft'),
('22d696f8-bc97-4465-aeab-1206758fc25b',	'Wire',	'#12 RW90 Stranded - BLACK',	'ft'),
('46c55d24-b861-402a-a3c3-e8b581410a5b',	'Wire',	'#12 RW90 Stranded - BLUE',	'ft'),
('8a2d09f6-bf30-4641-9f0c-63162a8e3e56',	'Wire',	'#12 RW90 Stranded - GREEN',	'ft'),
('05de254a-6b88-4a07-b275-73adc7543ef3',	'Wire',	'#12 RW90 Stranded - RED',	'ft'),
('2818be00-c20c-4c5c-942b-4253503390f8',	'Wire',	'#12 RW90 Stranded - WHITE',	'ft'),
('3dcdb15b-4b0f-41d2-88f6-876ed4050ed7',	'Wire',	'#12 RWU90 Stranded - BLACK',	'ft'),
('2271b5d5-f204-45c3-b403-f05b2e3335ff',	'Wire',	'#12 RWU90 Stranded - BLUE',	'ft'),
('fac2ba83-852b-4799-a1fe-3004edb903c0',	'Wire',	'#12 RWU90 Stranded - GREEN',	'ft'),
('7e9de919-84b3-4e2b-a0a3-8faa890aa503',	'Wire',	'#12 RWU90 Stranded - RED',	'ft'),
('6c444dca-fba9-47ee-9906-478c3bb925da',	'Wire',	'#12 RWU90 Stranded - WHITE',	'ft'),
('6e48bbd9-be30-43bd-98be-6b9d78d75960',	'Wire',	'#14 RW90 Solid - GREEN',	'ft'),
('9c9720b2-d8af-4ca0-9671-a641c674abfd',	'Wire',	'#2 Aluminum',	'ft'),
('79153eec-0c2d-4939-8440-b683df39148c',	'Wire',	'#2 Copper',	'ft'),
('d02909d0-3d80-469a-a3b0-941f40d3de9a',	'Wire',	'#3 Aluminum',	'ft'),
('e65ea8be-9a37-488b-86c8-689764308b2f',	'Wire',	'#3 Copper',	'ft'),
('a52108df-5446-46c8-8ba2-920a0874d39b',	'Wire',	'#4 Aluminum',	'ft'),
('a03363b8-73f7-4495-b130-7e83863d3a61',	'Wire',	'#4 Copper',	'ft'),
('8bb21e96-b362-4ce4-89b1-97e5190528fa',	'Wire',	'#6 Aluminum',	'ft'),
('cd0bed2e-e6aa-4138-8d77-1af1c4c0feb5',	'Wire',	'#6 Copper',	'ft'),
('8b4e2a5c-660f-4f7d-99d1-951c54c4319c',	'Wire',	'#6 Copper bare',	'ft'),
('52885148-3e83-4ff5-a678-73153982c9f7',	'Wire',	'#6 Copper green',	'ft'),
('bfb7eceb-a39b-4639-a061-97ff2a0e439d',	'Wire',	'#8 Aluminum',	'ft'),
('58e3d4f6-7e39-4067-b848-b001aeb4619b',	'Wire',	'#8 Copper',	'ft'),
('d10bcfbb-7143-423e-a158-078daa787551',	'Wire',	'1/0 Aluminum',	'ft'),
('fbfe71f3-36b0-4256-8ef8-95dff4b40bdd',	'Wire',	'1/0 Copper',	'ft'),
('4a649342-1541-4ccc-8ddb-61da01aa57bd',	'Wire',	'10 Conductor FAS cable',	'ft'),
('5532fbb0-69e2-48a9-81ad-d0766b774a02',	'Wire',	'12/3 SOOW',	'ft'),
('3da2176f-0954-48a7-9a76-56a938cdc939',	'Wire',	'12/4 SOOW',	'ft'),
('fc513eb7-861d-4be9-b6b4-4ac5e03cffbe',	'Wire',	'14/3 SOOW',	'ft'),
('98e82585-a77c-4505-a95d-42ef66bf8f8d',	'Wire',	'18/2 FAS cable',	'ft'),
('00913168-4c23-4af1-842c-9c251113035b',	'Wire',	'18/2 FT6 stranded no sheild',	'ft'),
('1173f81b-0a08-4d8b-8847-13d0f23a2e49',	'Wire',	'2/0 Aluminum',	'ft'),
('ff182b76-3528-40fd-94e0-59884fc0ecc6',	'Wire',	'2/0 Copper',	'ft'),
('69df47b8-aea2-4a52-90e0-93f836f0ae7e',	'Wire',	'2/0 Copper bare',	'ft'),
('dd3058d2-3a17-4904-96bc-5930b81b672a',	'Wire',	'250mcm Aluminum',	'ft'),
('7d7fce41-3764-4e10-8abd-0ec088329ccd',	'Wire',	'250mcm Copper',	'ft'),
('ce826a95-7f99-4710-be6a-09b71841d70d',	'Wire',	'3/0 Aluminum',	'ft'),
('ea0a7cd5-67a6-4fc3-ab8d-0c260fa764e6',	'Wire',	'3/0 Copper',	'ft'),
('b74f4b86-1941-4ea4-84ff-15c35b69cec2',	'Wire',	'3/0 Copper bare',	'ft'),
('63fc7c0a-f641-447b-b10c-e0632f62f64f',	'Wire',	'3/0 Copper Green',	'ft'),
('f4ca8182-d2d7-4bc2-b623-fe189e52ce25',	'Wire',	'350m Copper',	'ft'),
('000ef004-ad94-4375-8660-f968a0390440',	'Wire',	'350mcm Aluminum',	'ft'),
('1eda29d9-09e0-4838-aa94-89b3ff204b87',	'Wire',	'4/0 Aluminum',	'ft'),
('3211929c-9592-407c-b9f5-b38bded03fdf',	'Wire',	'4/0 Copper',	'ft'),
('17776aae-4a0f-449f-9dbd-d40548c04e29',	'Wire',	'4/0 Copper Green',	'ft'),
('7adb9132-6a75-43ab-8267-e41ebd1b8697',	'Wire',	'500mcm Aluminum',	'ft'),
('fe8e69fa-fa74-4ce8-a3d9-933afed06a3a',	'Wire',	'500mcm Copper',	'ft'),
('2b7902f5-af18-4ff5-853b-71ff565e03bd',	'Consumables',	'Black paint marker',	'ea'),
('d6026ac7-ef83-4321-8b66-a71437d5d125',	'Consumables',	'Box black nitrile gloves - XL',	'ea');

DROP TABLE IF EXISTS "projects";
CREATE TABLE "public"."projects" (
                                     "projectid" character varying(36) NOT NULL,
                                     "name" character varying(80) NOT NULL,
                                     "foreman" character varying(36) NOT NULL,
                                     "foreman_email" character varying(80) NOT NULL,
                                     "active" boolean DEFAULT true,
                                     CONSTRAINT "projects_pk" PRIMARY KEY ("projectid")
) WITH (oids = false);

INSERT INTO "projects" ("projectid", "name", "foreman", "foreman_email", "active") VALUES
('cf510766-faf7-415e-a067-0c5ae5cb2ae8',	'Argyle',	'auth0|5c9d6eacf690cd1104199b9d',	'mattwright3195@gmail.com',	'1'),
('072da62a-1c83-4670-b5b9-e8677653c2c2',	'St. Thomas',	'auth0|5c9d6eacf690cd1104199b9d',	'mattwright3195@gmail.com',	'1'),
('3a63592f-22bf-4d8e-af66-c31e77c0f624',	'Project Name 3',	'auth0|000000000000000000000000',	'email@email.com',	'1'),
('9f84f49a-5428-40c0-8798-7f7d2d6ab1a6',	'Old Project',	'auth0|5c9d6eacf690cd1104199b9d',	'mattwright3195@gmail.com',	'0');

-- 2019-03-31 19:11:10.014324+00
